story_date,year,month,day,Time,headline,topic label,first_time_appear_eventbased,official view,Response,Renmin Daily,Renmin Daily Content,Notes
11/8/2019,2019,11,8,E,1. 第七次全国人口普查开始,Social affairs,1,,,,,
11/8/2019,2019,11,8,E,2. 智利市长为躲记者提问当街狂奔,Social affairs,1,,,,,
11/8/2019,2019,11,8,E,3. 美国向韩国索要328亿保护费,International affairs (non-China),1,,,,,
11/9/2019,2019,11,9,M,1. 15地独生子女有护理假,Social affairs - local policy ,1,,,,,
11/9/2019,2019,11,9,M,2. 女市长被抗议者泼油漆剪头发,Social scandal,1,,,,,
11/9/2019,2019,11,9,M,3. 警方通报9岁男孩被打死,Crime & court,1,,,1,2,
11/9/2019,2019,11,9,M,4. 英警方公布39名货车遇难者信息,International news (non-China),1,,,,,
11/9/2019,2019,11,9,M,5. 长沙9岁男童遇害目击者回应,Crime & court,1,,1,,,
11/9/2019,2019,11,9,M,6. 坠楼女教师生前长录音曝光,Crime & court,1,,,,,
11/9/2019,2019,11,9,E,1. 澳门大学学位颁授典礼师生高唱国歌,Patriotic acts/festivals,1,,,1,1,
11/9/2019,2019,11,9,E,2. 百万香港市民参与反黑暴大联署,Hong Kong,1,,,,,
11/9/2019,2019,11,9,E,3. 英国货车惨案遇难者最小15岁,International affairs (non-China),0,,,,,
11/9/2019,2019,11,9,E,4. 香港反对派议员朱凯迪被捕,Hong Kong,1,,,,,
11/10/2019,2019,11,10,M,1. 央视主播谈精神问题不是免罪符,Crime & court,1,1,,,,
11/10/2019,2019,11,10,M,2. 9岁男孩遇害案嫌犯被父母停药,Crime & court,0,,,,,
11/10/2019,2019,11,10,M,3. 又3名香港立法会议员被捕,Hong Kong,0,,,,,
11/10/2019,2019,11,10,M,4. 百万香港市民参与反黑暴大联署,Hong Kong,1,,,,,
11/10/2019,2019,11,10,M,5. 英国货车惨案遇难者最小15岁,International news (non-China),0,,,,,
11/10/2019,2019,11,10,M,6. 轰炸机飞行员央视霸气开讲,Role model,1,,,,,
11/10/2019,2019,11,10,E,1. 大庆产妇死亡初步调查情况,Crime & court,1,,,,,
11/10/2019,2019,11,10,E,2. 董明珠让利30亿打击低劣,Social affairs - consumer rights,1,,,,,
11/10/2019,2019,11,10,E,3. 吉林混凝土罐车与面包车相撞,Crime & court,1,,,,,
11/10/2019,2019,11,10,E,4. 香港中联办致在港内地生公开信,Hong Kong,1,,,,,
11/10/2019,2019,11,10,E,5. 警方向被误认嫖娼老人道歉,Hong Kong,1,,,,,
11/10/2019,2019,11,10,E,6. 伊朗发现新油田,International news (non-China),1,,,,,
11/10/2019,2019,11,10,E,7. 第二届进博会累计意向成交711.3亿美元,Social affairs - economics,1,,,,,
11/10/2019,2019,11,10,E,8. 10款App涉嫌超范围采集个人隐私,Social affairs - consumer rights,1,,,,,
11/10/2019,2019,11,10,E,9. 港科大声明,Hong Kong,1,,,,,
11/11/2019,2019,11,11,M,1. 香港特区政府就暴徒破坏行为发声,Hong Kong,1,,,,,
11/11/2019,2019,11,11,M,2. 人民空军成立70周年,Patriotic acts/festivals,1,,,,,
11/11/2019,2019,11,11,M,3. 香港中联办致在港内地生公开信,Hong Kong,0,,,1,,
11/11/2019,2019,11,11,M,4. 31省份户籍制度改革进入关键期,Social affairs,1,,,,,
11/11/2019,2019,11,11,M,5. 玻利维亚总统宣布辞职,International affairs (non-China),1,,,,,
11/11/2019,2019,11,11,E,1. 外交部劝美方别高估自己的造谣能力,International affairs (China-US),1,1,,,,
11/11/2019,2019,11,11,E,2. 香港暴徒抢枪致警方开枪,Hong Kong,1,,,,,
11/11/2019,2019,11,11,E,3. 六部门约谈网约车顺风车平台,Government acts,1,,,,,
11/11/2019,2019,11,11,E,4. 浙大女生被害案维持原判,Crime & court,1,,,,,
11/11/2019,2019,11,11,E,5. 韩国重启世越号调查,International affairs (non-China),1,,,,,
11/11/2019,2019,11,11,E,6. 过年前的经济状况,Social affairs - economics,1,,,,,
11/11/2019,2019,11,11,E,7. 民航局回应女乘客进驾驶舱,Social scandal,1,,1,,,
11/12/2019,2019,11,12,M,1. 大庆死亡产妇母亲回应质疑,Crime & court,0,,1,,,
11/12/2019,2019,11,12,M,2. 韩媒曝福岛核设施发现41处裂缝,International affairs (non-China),1,,,,,
11/12/2019,2019,11,12,M,3. 獐子岛的扇贝又双叒跑了,Social scandal,1,,,,,
11/12/2019,2019,11,12,M,4. 外交部劝美方别高估自己的造谣能力,International affairs (China-US),1,,,,,
11/12/2019,2019,11,12,M,5. 京阿尼纵火案嫌疑人杀人意图明确,Crime & court,1,,,,,
11/12/2019,2019,11,12,M,6. 浙江高速后排不系安全带将被罚,Social affairs,1,,,,,
11/12/2019,2019,11,12,E,1. 长沙被打死男童遗体火化,Crime & court,0,,,,,
11/12/2019,2019,11,12,E,2. 东航回应航班万米高空速降,Social scandal,0,,1,,,
11/12/2019,2019,11,12,E,3. 香港中大,Hong Kong,1,,,,,
11/12/2019,2019,11,12,E,4. 外交部批美英是非不分,International affairs (China-US),1,1,,,,
11/12/2019,2019,11,12,E,5. 澳门又发大红包,Social affairs,1,,,,,
11/12/2019,2019,11,12,E,6. 獐子岛董事长称扇贝是刚死的,Social scandal,0,,1,,,
11/13/2019,2019,11,13,M,1. 悉尼面临灾难级火灾风险,International news (non-China),1,,,,,
11/13/2019,2019,11,13,M,2. 港中大,Hong Kong,0,,,,,
11/13/2019,2019,11,13,M,3. 内地生救援,Hong Kong,1,,,,,
11/13/2019,2019,11,13,M,4. 港铁遭破坏7条线严重延误,Hong Kong,1,,,,,
11/13/2019,2019,11,13,M,5. 默沙东埃博拉病毒疫苗获批上市,International news (non-China),1,,,,,
11/13/2019,2019,11,13,M,6. 德国之声 采访,Hong Kong,1,,,,,
11/13/2019,2019,11,13,M,7. 阳澄湖超千家农家乐无照经营,Social scandal,1,,,,,
11/13/2019,2019,11,13,E,1. 香港多间大学宣布余下学期提早结束,Hong Kong,1,,,,,
11/13/2019,2019,11,13,E,2. 香港大学毕业典礼毕业生高唱国歌,Hong Kong,1,,,,,
11/13/2019,2019,11,13,E,3. 香港元朗市民合力驱赶暴徒,Hong Kong,1,,,,,
11/13/2019,2019,11,13,E,4. 真实缉毒现场有多危险,Role model,1,,,,,
11/13/2019,2019,11,13,E,5. 港警担心爱心市民被起底,Hong Kong,1,,,,,
11/13/2019,2019,11,13,E,6. 香港警方昨天共拘捕142人,Hong Kong,1,,,,,
11/13/2019,2019,11,13,E,7. 3名民警执行公务时遇车祸殉职,Role model,1,,,,,
11/13/2019,2019,11,13,E,8. 长沙被打死男童家属三问,Crime & court,0,,1,,,
11/14/2019,2019,11,14,M,1. 天津理工有学生感染诺如病毒,Social affairs,1,,,,,
11/14/2019,2019,11,14,M,2. 神秘人贩子梅姨案最新进展,Crime & court,1,,,,,
11/14/2019,2019,11,14,M,3. 香港大学毕业典礼毕业生高唱国歌,Hong Kong,0,,,,,
11/14/2019,2019,11,14,M,4. 韩慰安妇对日本政府索赔案首开庭,International affairs (non-China),1,,,,,
11/14/2019,2019,11,14,M,5. 中国买家转战泰国炒房,International news (China related),1,,,,,
11/14/2019,2019,11,14,M,6. 材料造假4人北京户籍被注销,Social scandal,1,,,,,
11/14/2019,2019,11,14,M,7. 港警担心爱心市民被起底,Hong Kong,0,,,,,
11/14/2019,2019,11,14,M,8. 香港元朗市民合力驱赶暴徒,Hong Kong,0,,,,,
11/14/2019,2019,11,14,M,9. 无锡地铁2号线竣工决算多计近6亿,Social affairs,1,,,,,
11/14/2019,2019,11,14,M,10. 官方回应男童坠井身亡事件,Crime & court,1,,1,,,
11/14/2019,2019,11,14,E,1. 起底香港乱局的幕后黑金,Hong Kong,1,,,,,
11/14/2019,2019,11,14,E,2. 公安部 暗网不是法外之地,Crime & court,1,1,,1,1,
11/14/2019,2019,11,14,E,3. 梅姨案找回儿童父亲已自杀,Crime & court,0,,,,,
11/14/2019,2019,11,14,E,4. 老人看到牺牲消防员照片失声痛哭,Role model,1,,,1,1,
11/14/2019,2019,11,14,E,5. 将工业酒精兑入婚宴酒致5死,Social scandal,1,,,1,1,
11/14/2019,2019,11,14,E,6. 神秘人贩子梅姨特征,Crime & court,0,,,,,
11/14/2019,2019,11,14,E,7. 香港将在周末实施宵禁系谣言,Hong Kong,1,,,,,
11/14/2019,2019,11,14,E,8. 香港必须止暴制乱恢复秩序,Hong Kong,1,,,1,2,16-Nov
11/15/2019,2019,11,15,M,1. 疑被暴徒击中头部的香港男子死亡,Hong Kong,1,,,1,1,#耿爽用四个不要警告英国#
11/15/2019,2019,11,15,M,2. 香港律政司司长在伦敦遇袭,Hong Kong,1,,,1,2,
11/15/2019,2019,11,15,M,3. 美国今年发生85起校园枪击事件,International news (non-China),1,,,,,
11/15/2019,2019,11,15,M,4. 陈方安生被香港市民当街怒骂,Hong Kong,1,,,,,
11/15/2019,2019,11,15,M,5. 蚌埠大火,Social affairs - disaster,1,,,,,
11/15/2019,2019,11,15,M,6. 起底香港乱局的幕后黑金,Hong Kong,0,,,,,
11/15/2019,2019,11,15,M,7. 孙杨抵达瑞士听证会现场,Social affairs - celebrity,1,,,,,
11/15/2019,2019,11,15,M,9. 中国抗癌新药在美获批上市,International news (China related),1,,,,,
11/16/2019,2019,11,16,M,1. 香港经济状况急速恶化,Hong Kong,1,,,,,
11/16/2019,2019,11,16,M,2. 孙杨回应与检测官发生冲突,Social affairs - celebrity,0,,1,,,
11/16/2019,2019,11,16,M,3. 香港市民自发悼念遇害清洁工老伯,Hong Kong,1,,,1,1,
11/16/2019,2019,11,16,M,4. 逾八成年轻人用信贷产品,Social affairs - trends,1,,,,,
11/16/2019,2019,11,16,M,5. 港警指多间大学被改造成罪恶基地,Hong Kong,1,,,,,
11/16/2019,2019,11,16,M,6. 英国多所大学召回在港交换生,Hong Kong,1,,,,,
11/16/2019,2019,11,16,M,7. 意大利成全球首个强制开气候课国家,International news (non-China),1,,,,,
11/16/2019,2019,11,16,M,8. 澳大利亚林火已致350只考拉遇难,International news (non-China),1,,,,,
11/16/2019,2019,11,16,M,9. 英国女生发明鱼皮做的可降解塑料,International news (non-China),1,,,,,
11/16/2019,2019,11,16,E,1. 内地同行支持香港警队的歌,Hong Kong,1,,,,,
11/16/2019,2019,11,16,E,2. 茂名通报12岁智障女孩二次怀孕,Social scandal,1,,,,,
11/16/2019,2019,11,16,E,3. 香港10年来首次经济年度负增长,Hong Kong,0,,,,,
11/16/2019,2019,11,16,E,4. 谢谢你阿sir侠,Hong Kong,1,,,,,
11/17/2019,2019,11,17,M,1. 孙杨 不会输争取尊严讨回公道,Social affairs - celebrity,0,,,,,
11/17/2019,2019,11,17,M,2. 香港10年来首次经济年度负增长,Hong Kong,0,,,,,
11/17/2019,2019,11,17,M,3. 登记在册在世南京大屠杀幸存者只剩80人,Social affairs,1,,,2,1,
11/17/2019,2019,11,17,M,4. 汶川3.4级地震,Social affairs - disaster,1,,,,,
11/17/2019,2019,11,17,M,5. 谢谢你阿sir侠,Hong Kong,0,,,,,
11/17/2019,2019,11,17,M,6. 内地同行支持香港警队的歌,Hong Kong,0,,,,,
11/17/2019,2019,11,17,M,7. 茂名通报12岁智障女孩二次怀孕,Social scandal,0,,,,,
11/17/2019,2019,11,17,M,8. 46城喜提垃圾分类重点城市,Social affairs - environment,0,,,,,
11/17/2019,2019,11,17,M,9. 獐子岛员工称希望公司倒闭,Social scandal,0,,,,,
11/17/2019,2019,11,17,M,10. 荒岛现烂尾别墅群似幽灵古堡,Social affairs,0,,,,,
11/17/2019,2019,11,17,E,1. 2022前后建成可载3人中国空间站,Achievements,1,,,,,
11/17/2019,2019,11,17,E,2. 记住梅姨的长相,Crime & court,0,,,,,
11/17/2019,2019,11,17,E,3. 香港警方防线有警员腿部中箭,Hong Kong,1,,,,,
11/17/2019,2019,11,17,E,4. 我国非洲猪瘟病毒攻关取得进展,Achievements,1,,,,,
11/17/2019,2019,11,17,E,5. 香港暴徒被外国人痛骂,Hong Kong,1,,,,,
11/17/2019,2019,11,17,E,6. 消防员跪地为火中救出的小猫输氧,Role model,1,,,,,
11/17/2019,2019,11,17,E,7. 全港学校18日继续停课,Hong Kong,1,,,,,
11/17/2019,2019,11,17,E,8. 当代90后租房现状,Social affairs - trends,1,,,,,
11/18/2019,2019,11,18,M,1. 香港被烧老伯随时有生命危险,Hong Kong,0,,,,,
11/18/2019,2019,11,18,M,2. 7天连锁酒店两年关店超200家,Social affairs,1,,,,,
11/18/2019,2019,11,18,M,3. 南开大学校长曹雪涛回应论文造假,Social scandal,1,,1,,,
11/18/2019,2019,11,18,M,4. 国产航母驶入台湾海峡,Achievements,1,,,1,1&2,#外交部回应我国航母通过台湾海峡#
11/18/2019,2019,11,18,M,5. 消防员扔下被绑队长紧急出警,Role model,1,,,1,1,
11/18/2019,2019,11,18,M,6. 北京九级大风,Social affairs - environment,1,,,,,
11/18/2019,2019,11,18,M,8. 我国建成世界首例原位3D打印双层建筑,Achievements,1,,,1,1,
11/18/2019,2019,11,18,M,9. 多地政府机关向社会开放食堂,Government acts,1,,,,,
11/18/2019,2019,11,18,M,11. 青年汽车正式破产,Social affairs,1,,,,,
11/18/2019,2019,11,18,M,12. 总台台长批西方媒体不尊重事实,International affairs (China related),1,1,,,,
11/18/2019,2019,11,18,E,1. 香港被烧老伯妻子回应,Hong Kong,0,,1,,,
11/18/2019,2019,11,18,E,2. 外交部 任何人不要低估中国人的决心,International affairs (China related),1,1,,,,
11/18/2019,2019,11,18,E,3. 香港理工大学附近部分暴徒被警方抓获,Hong Kong,1,,,,,
11/18/2019,2019,11,18,E,4. 港警突然给暴徒放了三首歌,Hong Kong,1,,,,,
11/18/2019,2019,11,18,E,5. 港警一哥任期最后一天,Hong Kong,1,,,,,
11/18/2019,2019,11,18,E,6. 被拐儿童父亲回应梅姨彩照,Crime & court,0,,1,,,
11/18/2019,2019,11,18,E,7. 地铁站广播提醒乘客吃早餐,Social affairs,1,,,,,
11/19/2019,2019,11,19,M,1. 国务院任免香港特别行政区政府主要官员,Hong Kong,1,,,1,1,
11/19/2019,2019,11,19,M,2. ETC欠费超30日将上报个人征信,Social affairs - local policy ,1,,,,,
11/19/2019,2019,11,19,M,3. 香港警队新一哥是何人物,Hong Kong,1,,,1,1,#国务院任命邓炳强为香港警务处处长#
11/19/2019,2019,11,19,M,4. 李伯被烧伤现场有2人被拘捕,Hong Kong,0,,,,,
11/19/2019,2019,11,19,M,5. 塞纸片涉事男孩疑被赶出学校,Social scandal,1,,,,,
11/19/2019,2019,11,19,M,6. 政府工作人员遭驾车冲撞致2死,Social scandal,1,,,,,
11/19/2019,2019,11,19,M,7. 全国人大常委会法工委发言人发表谈话,Government acts,1,,,,,
11/19/2019,2019,11,19,M,8. 山西煤矿瓦斯爆炸15人遇难,Social affairs - disaster,1,,,,,
,2019,11,19,M,英国私校超四成海外学生是中国人,Diaspora,1,,,,,
11/19/2019,2019,11,19,M,9. 教育部回应8所中医药大学未列入名录,Government acts,1,1,1,,,
11/19/2019,2019,11,19,M,10. 山西长治规定彩礼不超5万,Social affairs - local policy ,1,,,,,
11/19/2019,2019,11,19,E,1. 孙杨 感谢尿检官的诚实和勇敢,Social affairs - celebrity,0,,,,,
11/19/2019,2019,11,19,E,2. 台名嘴怒批香港暴徒,Hong Kong,1,,,,,
11/19/2019,2019,11,19,E,3. 黄之锋申请更改保释条件被拒,Hong Kong,1,,,,,
11/19/2019,2019,11,19,E,4. 英国货车死者家属付不起运尸费,International news (non-China),0,,,,,
11/19/2019,2019,11,19,E,5. 600名中国留学生抗议乱港分子窜访纽约,Diaspora,1,,,,,
11/19/2019,2019,11,19,E,6. 消防员出警归来一步三蹦跶,Crime & court,1,,,,,
11/19/2019,2019,11,19,E,金鸡奖直播,Leisure,1,,,1,1,
11/19/2019,2019,11,19,E,7. 香港警方于港中大检获3900枚汽油弹,Hong Kong,1,,,,,
11/19/2019,2019,11,19,E,8. 被暴徒砸死的清洁工罗伯头七,Hong Kong,0,,,,,
11/20/2019,2019,11,20,M,1. 香港警方于港中大检获3900枚汽油弹,Hong Kong,1,,,,,
11/20/2019,2019,11,20,M,2. 港警火中拎出煤气罐,Hong Kong,1,,,,,
11/20/2019,2019,11,20,M,3. 康辉喊话香港高院,Hong Kong,1,,,,,
11/20/2019,2019,11,20,M,4. 港股,Hong Kong,1,,,,,
11/20/2019,2019,11,20,M,5. 黑老大当庭指认主诉检察官,Crime & court,1,,,,,
11/20/2019,2019,11,20,M,6. 港澳办回应美参议院通过涉港法案,Hong Kong,1,1,1,,,
11/20/2019,2019,11,20,M,7. 4.68亿个人信息泄露,Social scandal,1,,,,,
11/20/2019,2019,11,20,M,8. 祁东通报多人与未成年女孩发生关系,Crime & court,1,,,,,
11/20/2019,2019,11,20,M,9. 韩美第11次军费协商破裂,International affairs (non-China),1,,,,,
11/20/2019,2019,11,20,M,10. 消防员救火后无法弯腰捡头盔,Crime & court,1,,,,,
11/20/2019,2019,11,20,M,旅美大熊猫贝贝回家,Leisure,1,,,1,1,
11/20/2019,2019,11,20,M,11. 喝风辟谷公司获政府补贴,Government acts,1,,,,,
11/20/2019,2019,11,20,E,1. 康辉喊话香港高院,Hong Kong,0,,,,,
11/20/2019,2019,11,20,E,2. 孙杨质疑血检官执业资质,Social affairs - celebrity,0,,,,,
11/20/2019,2019,11,20,E,3. 外交部召见美驻华使馆负责人,International affairs (China-US),1,,,,,
11/20/2019,2019,11,20,E,4. 钢琴曲我的祖国响彻香港大会堂,Patriotic acts/festivals,1,,,,,
11/20/2019,2019,11,20,E,5. 上百亿美元比特币已永久丢失,Social affairs - economics,1,,,,,
11/21/2019,2019,11,21,M,1. 年收入12万以下免除汇算清缴,Government acts,1,,,,,
11/21/2019,2019,11,21,M,2. 美国将为中国留学生开启绿色通道,Diaspora,1,,,,,
11/21/2019,2019,11,21,M,3. 印度洋葱价格暴涨100倍,International news (non-China),1,,,,,
11/21/2019,2019,11,21,M,4. 31省份最低工资调整,Social affairs - economics,1,,,,,
11/21/2019,2019,11,21,M,5. 香港市民自发清理红磡隧道路障,Hong Kong,1,,,,,
11/21/2019,2019,11,21,M,6. 袁隆平团队长江中游双季稻产量新高,Achievements,1,,,1,1,
11/21/2019,2019,11,21,M,7. 上百亿美元比特币已永久丢失,Social affairs - economics,0,,,,,
11/21/2019,2019,11,21,M,8. 港警苦口婆心劝暴徒,Hong Kong,1,,,,,
11/21/2019,2019,11,21,M,9. 香港理工大学校园一片狼藉,Hong Kong,1,,,,,
11/21/2019,2019,11,21,M,10. 西太平洋银行面临330万亿美元罚款,Social affairs - economics,1,,,,,
11/21/2019,2019,11,21,M,11. 大使承认特朗普与乌克兰利益交换,International affairs (non-China),1,,,,,
11/21/2019,2019,11,21,M,12. 医生飞机上用嘴帮老人吸尿,Role model,1,,,,,
11/21/2019,2019,11,21,E,1. 英驻香港总领馆雇员嫖娼审讯视频,Social scandal,1,,,1,1,
11/21/2019,2019,11,21,E,超40%八年级学生为数学焦虑,Social affairs - trends,1,,,1,1,
11/21/2019,2019,11,21,E,2. 香港被烧李伯已进行两次植皮手术,Hong Kong,0,,,,,
11/21/2019,2019,11,21,E,3. 成都烧脑公交站名已简化,Social affairs,1,,,,,
11/22/2019,2019,11,22,M,小雪,Leisure,1,,,1,1,
11/22/2019,2019,11,22,M,1. 人大失联女毕业生确认离世,Social affairs,1,,,,,
11/22/2019,2019,11,22,M,2. 飞机上导尿救人医生获奖10万,Role model,0,,,,,
11/22/2019,2019,11,22,M,3. 南非航空取消香港航班,Hong Kong,1,,,,,
11/22/2019,2019,11,22,M,4. 新一线城市大学生落户政策一览,Social affairs - local policy ,1,,,,,
11/22/2019,2019,11,22,M,5. 獐子岛员工称扇贝可能是呛死的,Social scandal,1,,,,,
11/22/2019,2019,11,22,M,6. 英驻香港总领馆雇员嫖娼审讯视频,Hong Kong,0,,,1,1,
11/22/2019,2019,11,22,M,7. 西安咸阳机场冒出大量烟雾,Social affairs,1,,,,,
11/22/2019,2019,11,22,M,8. 富贵鸟将从港股退市,Social affairs - economics,1,,,,,
11/22/2019,2019,11,22,M,9. 男子碰瓷武警巡逻车,Crime & court,1,,,,,
11/22/2019,2019,11,22,E,1. 禁蒙面法暂时有效至本月29日,Hong Kong,1,,,,,
11/22/2019,2019,11,22,E,2. 罗伯遗体将被带回内地安葬,Hong Kong,1,,,,,
11/22/2019,2019,11,22,E,3. 香港被烧李伯醒了,Hong Kong,1,,,,,
11/22/2019,2019,11,22,E,4. 驻港部队海军官兵的夜生活,Hong Kong,1,,,,,
11/22/2019,2019,11,22,E,5. 全国高铁连年亏损,Social affairs - economics,1,,,,,
11/22/2019,2019,11,22,E,6. 教育部拟为教师惩戒权划线,Government acts,1,,,1,2,
11/22/2019,2019,11,22,E,7. 柳州银行被拍卖,Social affairs - economics,1,,,,,
11/23/2019,2019,11,23,M,1. 禁蒙面法暂时有效至本月29日,Hong Kong,0,,,,,
11/23/2019,2019,11,23,M,2. 中央机关遴选选调318名公务员,Government acts,1,,,,,
11/23/2019,2019,11,23,M,3. 驻港部队海军官兵的夜生活,Hong Kong,0,,,,,
11/23/2019,2019,11,23,M,4. 教育部拟为教师惩戒权划线,Government acts,0,,,1,2,
11/23/2019,2019,11,23,M,5. 河南天价墓一平米近9万,Social affairs,1,,,,,
11/23/2019,2019,11,23,M,6. 华为回应FCC,International affairs (China-US),1,,1,,,
11/23/2019,2019,11,23,E,1. 香港市民美领馆前集会,Hong Kong,1,,,,,
11/23/2019,2019,11,23,E,2. 烧国旗13岁少女认罪悔过,Social scandal,1,,,,,
11/23/2019,2019,11,23,E,3. 香港政界呼吁市民用选票向暴力说不,Hong Kong,0,,,1,1,
11/23/2019,2019,11,23,E,4. 部分走私坚果黄曲霉素超标,Social affairs - consumer rights,1,,,,,
11/23/2019,2019,11,23,E,5. 140家网店挤爆小区,Social affairs - trends,1,,,,,
11/23/2019,2019,11,23,E,6. 446家房企宣布破产,Social affairs - economics,1,,,, ,
11/23/2019,2019,11,23,E,7. 印尼给学生发2000只鸡戒手机瘾,International news (non-China),1,,,,,
11/24/2019,2019,11,24,M,1. 外媒报道所谓中国特工系涉案在逃人员,International news (China related),1,,,,,
11/24/2019,2019,11,24,M,2. 孙杨恢复训练备战奥运,Social affairs - celebrity,0,,,,,
11/24/2019,2019,11,24,M,3. 长沙一小区塑胶人工湖将铲除,Social affairs,1,,,,,
11/24/2019,2019,11,24,M,4. 重庆楼顶加油站,Social affairs,1,,,,,
11/24/2019,2019,11,24,M,5. 烧国旗13岁少女认罪悔过,Social scandal,0,,,,,
11/24/2019,2019,11,24,M,6. 香港政界呼吁市民用选票向暴力说不,Hong Kong,0,,,1,1,
11/24/2019,2019,11,24,E,央视主播倡议给予医生更多理解,Social affairs,1,1,,,,
11/24/2019,2019,11,24,E,港警新一哥在央视发声,Hong Kong,1,1,,,,
11/24/2019,2019,11,24,E,被裁员工如何保障合法权益,Social affairs - economics,1,,,,,
11/24/2019,2019,11,24,E,37亿元特大坚果走私案告破,Crime & court,1,,,,,
11/25/2019,2019,11,25,M,邓稼先去世前对爱人说的话,Role model,1,,,2,1,
11/25/2019,2019,11,25,M,港警新一哥在央视发声,Hong Kong,0,1,,,,
11/25/2019,2019,11,25,M,央视主播倡议给予医生更多理解,Social affairs,0,1,,,,
11/25/2019,2019,11,25,M,杭州夜班车暖哭乘客,Social affairs,1,,,,,
11/25/2019,2019,11,25,M,合肥下雪,Social affairs - environment,1,,,,,
11/25/2019,2019,11,25,M,大理地震,Social affairs - disaster,1,,,,,
11/25/2019,2019,11,25,M,国考实际考录比40比1,Social affairs,1,,,2,1,
43794,2019,11,25,M,南京下雪,Social affairs - environment,1,,,1,2,
11/25/2019,2019,11,25,E,英国货车司机承认帮移民偷渡,International affairs (non-China),0,,,,,
11/25/2019,2019,11,25,E,教师入职要35名领导干部签字,Social affairs,1,,,,,
11/25/2019,2019,11,25,E,王毅一句话回应香港局势,Hong Kong,1,1,1,,,
11/26/2019,2019,11,26,M,导尿救人医生捐10万奖金,Social affairs,0,,,,,
11/26/2019,2019,11,26,M,网易前离职员工谈绩效不达标被辞退,Social affairs - economics,1,,,,,
11/26/2019,2019,11,26,M,外交部召见美国驻华大使,International affairs (China-US),1,1,,,,
11/26/2019,2019,11,26,M,两件流失土耳其文物归国,Social affairs,1,,,,,
11/26/2019,2019,11,26,M,王毅一句话回应香港局势,Hong Kong,0,1,1,,,
11/26/2019,2019,11,26,M,张家口化工厂燃爆事故一审宣判,Crime & court,1,,,,,
11/26/2019,2019,11,26,M,马云1亿美元培养非洲企业家,Social affairs,1,,,,,
11/26/2019,2019,11,26,M,德国珍宝馆被盗损失或达10亿欧,International news (non-China),1,,,,,
11/26/2019,2019,11,26,M,威尼斯水灾需10亿美元修复,International news (non-China),1,,,,,
11/26/2019,2019,11,26,M,北京公共场所随地吐痰最高可罚500元,Social affairs - local policy ,1,,,,,
11/26/2019,2019,11,26,E,出租房屋不登记信息将被计入信用记录,Social affairs - local policy ,1,,,,,
11/26/2019,2019,11,26,E,刘欣称香港通识教育被政治化,Hong Kong,1,,,,,
11/26/2019,2019,11,26,E,香港特区政府就禁蒙面法违宪上诉,Hong Kong,1,,,,,
11/26/2019,2019,11,26,E,国家卫健委 不献血不会影响个人信用,Social affairs - local policy ,1,1,,,,
11/26/2019,2019,11,26,E,湖南操场埋尸案已查清,Crime & court,0,,,1,1&2,#人民锐评#：从“操场埋尸案”中汲取深刻教训
11/27/2019,2019,11,27,M,云南高速隧道口事故,Social affairs,1,,,,,
11/27/2019,2019,11,27,M,山东虐待幼童继母被刑拘,Crime & court,1,,,,,
11/27/2019,2019,11,27,M,出租房屋不登记信息将被计入信用记录,Social affairs - local policy ,0,,,,,
11/27/2019,2019,11,27,M,香港特区政府就禁蒙面法违宪上诉,Hong Kong,0,,,,,
11/27/2019,2019,11,27,M,年内1884家影视公司关停,Social affairs - economics,1,,,,,
11/27/2019,2019,11,27,M,500多座瑞士冰川已经消失,International news (non-China),1,,,,,
11/27/2019,2019,11,27,M,吸尿救人医生回国详述事发经过,Role model,0,,,,,
11/27/2019,2019,11,27,E,香港43名公务员涉非法集结被查,Hong Kong,1,,,,,
11/27/2019,2019,11,27,E,印度14亿人仍在用现金,International news (non-China),1,,,,,
11/27/2019,2019,11,27,E,耿爽 美国无法同中国相提并论,International affairs (China-US),1,1,,1,1,
11/28/2019,2019,11,28,M,香港超5800人涉威胁公共安全被捕,Hong Kong,1,,,,,
11/28/2019,2019,11,28,M,内蒙古四子王旗确诊1例腺鼠疫病例,Social affairs - disaster,1,,,,,
11/28/2019,2019,11,28,M,外交部回应美方签署涉港法案,International affairs (China-US),1,1,1,1,1,
11/28/2019,2019,11,28,M,六成年轻人害怕看体检报告,Social affairs - trends,1,,,,,
11/28/2019,2019,11,28,M,泰山币,Social affairs - economics,1,,,1,1,
11/28/2019,2019,11,28,M,2018年中国器官捐献数世界第二,Social affairs - trends,1,,,,,
11/28/2019,2019,11,28,M,走私案地道连通香港深圳,Crime & court,1,,,,,
11/28/2019,2019,11,28,M,我国成功发射高分12号卫星,Achievements,1,,,,,
11/28/2019,2019,11,28,M,我国每年心源性猝死者55万,Social affairs - trends,1,,,,,
11/28/2019,2019,11,28,M,孙杨事件现场视频,Social affairs - celebrity,0,,,,,
11/28/2019,2019,11,28,E,飞机吸尿救人医生获奖感言,Social affairs,9,,,,,
11/28/2019,2019,11,28,E,耿爽谈反制美涉港法案,International affairs (China-US),1,1,,1,1,
11/28/2019,2019,11,28,E,香港超5800人涉威胁公共安全被捕,Hong Kong,0,,,,,
11/28/2019,2019,11,28,E,香港中联办针对美涉港法案发表声明,Hong Kong,1,1,,1,1,
11/28/2019,2019,11,28,E,伊洛河汇入黄河成鸳鸯锅,International news (non-China),1,,,,,
11/28/2019,2019,11,28,E,日本大阪强制公务员下班,International news (non-China),1,,,,,
11/29/2019,2019,11,29,M,2017和2019网络流行语对比,Leisure,1,,,1,1&2 ,人民微评：总有一句网络流行语扣动心弦
11/29/2019,2019,11,29,M,泰山币开始兑换,Social affairs - economics,0,,,1,1,
11/29/2019,2019,11,29,M,首批枫桥式公安派出所,Crime & court,1,,,,,
11/29/2019,2019,11,29,M,耿爽谈反制美涉港法案,International affairs (China-US),0,1,,,,
11/29/2019,2019,11,29,M,香港中联办针对美涉港法案发表声明,Hong Kong,0,1,,,,
11/29/2019,2019,11,29,M,伊洛河汇入黄河成鸳鸯锅,Social affairs - environment,0,,,,,
11/29/2019,2019,11,29,E,初雪,Social affairs - environment,0,,,1,1,
11/29/2019,2019,11,29,E,梁振英建议美国会议员读读基本法,International news (non-China),1,,,,,
11/29/2019,2019,11,29,E,央视再曝医美乱象,Social affairs,1,1,,,,
11/29/2019,2019,11,29,E,香港理工大学正式解封,Hong Kong,1,,,,,
11/29/2019,2019,11,29,E,能不能给个立遗嘱功能,Social affairs,1,,,,,
11/29/2019,2019,11,29,E,女逃犯劳荣枝落网,Crime & court,1,1,,1,1,
11/29/2019,2019,11,29,E,中国一维和士兵执行任务时染病牺牲,International news (China related),1,,,,,
11/30/2019,2019,11,30,M,0. 水滴筹医院扫楼筹款漏洞多,Social scandal,1,,,,,
11/30/2019,2019,11,30,M,1. 巴基斯坦小镇900儿童染艾滋,International news (non-China),1,,,,,
11/30/2019,2019,11,30,M,2. 伦敦桥恐怖袭击造成3人死亡,International news (non-China),1,,,,,
11/30/2019,2019,11,30,M,3. 香港航空停飞部分航班,Hong Kong,1,,,,,
11/30/2019,2019,11,30,M,4. 风雪中最可爱的人,Role model,1,,,,,
11/30/2019,2019,11,30,M,5. 刘兆佳称美插手香港事务必适得其反,International affairs (China related),1,,,,,
11/30/2019,2019,11,30,M,6. 海南省高院副院长张家慧被免职,Government acts,1,,,,,
11/30/2019,2019,11,30,M,7. 香港理工大学正式解封,Hong Kong,0,,,,,
11/30/2019,2019,11,30,M,8. 伦敦桥响起枪声,International news (non-China),0,,,,,
11/30/2019,2019,11,30,M,9. 央视再曝医美乱象,Social affairs,0,1,,,,
11/30/2019,2019,11,30,M,10. 女逃犯劳荣枝落网,Crime & court,0,1,,1,1,
11/30/2019,2019,11,30,M,11. 有人在搜集贩卖你的脸,Social affairs,1,,,,,
11/30/2019,2019,11,30,M,12. 北京地铁一乘客心脏病突发去世,Social affairs,1,,,,,
11/30/2019,2019,11,30,M,13. 能不能给个立遗嘱功能,Social affairs,0,,,,,
11/30/2019,2019,11,30,E,0. 台独组织骨干分子李孟居被捕,Social affairs,1,,,,,
11/30/2019,2019,11,30,E,1. 伦敦恐袭凶手为刚释放恐怖分子,International news (non-China),0,,,,,
11/30/2019,2019,11,30,E,2. 中国存活艾滋病感染者95.8万,Social affairs - trends,1,,,,,
11/30/2019,2019,11,30,E,3. 香港航空停飞部分航班,Hong Kong,0,,,,,
12/1/2019,2019,12,1,M,央视报道高以翔去世,Social affairs - celebrity,1,1,,,,
12/1/2019,2019,12,1,M,IS宣称对伦敦桥恐袭负责,International news (non-China),0,,,,,
12/1/2019,2019,12,1,M,警察耗时4年追回国家宝藏,Role model,1,,,,,
12/1/2019,2019,12,1,M,死亡货车案死者遗体运回越南,International news (non-China),0,,,,,
12/1/2019,2019,12,1,M,香港被烧老伯仍未渡过危险期,Hong Kong,0,,,,,
12/1/2019,2019,12,1,M,水泥价格大幅上涨,Social affairs - economics,1,,,,,
12/1/2019,2019,12,1,M,广东选调,Government acts,1,,,,,
12/1/2019,2019,12,1,M,退伍军人讲述雪山生死瞬间,Role model,1,,,,,
12/1/2019,2019,12,1,M,瑞典环保少女写入中学教材,International news (non-China),1,,,,,
12/1/2019,2019,12,1,E,国务院任命澳门第五届政府主要官员,Government acts,1,1,,,,
12/1/2019,2019,12,1,E,家长投诉幼儿被保育员扎针,Social scandal,1,,,,,
12/1/2019,2019,12,1,E,10岁男孩为救父1天吃5顿,Role model,1,,,,,
12/1/2019,2019,12,1,E,长江三角洲区域一体化发展规划纲要,Social affairs - local policy ,1,,,,,
12/1/2019,2019,12,1,E,云光中被双开,Social scandal,1,,,,,
12/1/2019,2019,12,1,E,一个村两三百人做直播短视频,Social affairs,1,,,,,
12/1/2019,2019,12,1,E,甘南县地震,Social affairs - disaster,1,,,,,
12/2/2019,2019,12,2,M,央视主播说活命不能总指望运气,Social affairs - celebrity,0,1,,,,
12/2/2019,2019,12,2,M,大连海关退运3700余吨洋垃圾,International affairs (China related),1,,,,,
12/2/2019,2019,12,2,M,微信回应发原图泄露位置信息,Social affairs - consumer rights,1,,1,,,
12/2/2019,2019,12,2,M,华为前员工,Social affairs - economics,1,,,,,
12/2/2019,2019,12,2,M,广州地铁回应填埋坍塌区,Social affairs,1,,1,,,
12/2/2019,2019,12,2,M,内蒙古查获大量人体植入类医疗器械,Social affairs,1,,,,,
12/2/2019,2019,12,2,M,长江三角洲区域一体化发展规划纲要,Social affairs - local policy ,0,1,,,,
12/2/2019,2019,12,2,M,国务院任命澳门第五届政府主要官员,Government acts,0,1,,,,
12/2/2019,2019,12,2,M,十二月的经济状况,Social affairs - economics,1,,,,,
12/2/2019,2019,12,2,E,泰国3D斑马线,International news (non-China),1,,,,,
12/2/2019,2019,12,2,E,港府警告香港航空,Hong Kong,1,,,,,
12/2/2019,2019,12,2,E,今晚12点油价要涨了,Social affairs - economics,1,,,,,
12/2/2019,2019,12,2,E,近七成学生每天课外阅读低于1个小时,Social affairs - trends,1,,,1,1,
12/2/2019,2019,12,2,E,长春一医院仍有水滴筹人员推广,Social scandal,0,,,,,
12/2/2019,2019,12,2,E,华为支持李洪元运用法律武器维权,Social affairs - economics,0,,,,,
12/2/2019,2019,12,2,E,中方宣布制裁美部分非政府组织,International affairs (China-US),1,,,1,1,
12/2/2019,2019,12,2,E,被割颈港警问香港教育是否出问题了,Hong Kong,1,,,,,
12/2/2019,2019,12,2,E,外卖商家用暗语向未成年人售烟,Social scandal,1,,,,,
12/2/2019,2019,12,2,E,格力电器签署股份转让协议,Social affairs - economics,1,,,,,
12/2/2019,2019,12,2,E,华为被拘前员工希望华为道歉,Social affairs - economics,0,,,,,
12/3/2019,2019,12,3,M,2020元旦火车票开售,Social affairs,1,,,,,
12/3/2019,2019,12,3,M,上海迪士尼乐园启用X光机安检,Social affairs,1,,,,,
12/3/2019,2019,12,3,M,日本公司禁止舔手指翻纸,International news (non-China),1,,,,,
12/3/2019,2019,12,3,M,6省份月最低工资标准超2000元,Social affairs - economics,1,,,,,
12/3/2019,2019,12,3,M,印度毒泡沫海滩,International news (non-China),1,,,,,
12/3/2019,2019,12,3,M,暴风集团称公司仅剩10余人,Social affairs - economics,1,,,,,
12/3/2019,2019,12,3,M,沈阳居民楼大火,Social affairs - disaster,1,,,2,1&2,
12/3/2019,2019,12,3,M,特朗普竞选团队封杀彭博社,International news (non-China),1,,,,,
12/3/2019,2019,12,3,M,北京冬奥会志愿者招募12月5日启动,Social affairs,1,,,,,
12/3/2019,2019,12,3,M,李洪元回应华为声明,Social affairs - economics,1,,1,,,
12/3/2019,2019,12,3,M,院士将10亿专利无偿送给农民,Role model,1,,,,,
12/3/2019,2019,12,3,E,猪肉价格又降了,Social affairs - economics,1,,,,,
12/3/2019,2019,12,3,E,许村印染厂,Social affairs - disaster,1,,,,,
12/3/2019,2019,12,3,E,现在的餐饮业有多努力,Social affairs - economics,1,,,,,
12/3/2019,2019,12,3,E,中疾控报告披露鼠疫患者细节,Social affairs - disaster,1,1,,,,
12/3/2019,2019,12,3,E,6省份月最低工资标准超2000元,Social affairs - economics,1,,,,,
12/3/2019,2019,12,3,E,特区政府配合跟进反制美国措施,Hong Kong,1,,,,,
12/3/2019,2019,12,3,E,26岁女教师坠亡事件复议结果,Social affairs,0,,,,,
12/4/2019,2019,12,4,M,人民日报批弹窗广告,Social affairs,1,1,,,,
12/4/2019,2019,12,4,M,广州地陷3名失联人员身份确认,Social affairs - disaster,1,,,,,
12/4/2019,2019,12,4,M,近百香港市民赴美领馆抗议,Hong Kong,1,,,,,
12/4/2019,2019,12,4,M,马云呼吁改变教育前先改革考试,Social affairs,1,,,,,
12/4/2019,2019,12,4,M,央视主播喊话香港学学澳门,Hong Kong,1,1,,,,
12/4/2019,2019,12,4,M,浙江海宁污水罐体坍塌已致7死,Social affairs - disaster,1,,,,,
12/4/2019,2019,12,4,M,美国高中生持武器与校警对峙,International news (non-China),1,,,,,
12/4/2019,2019,12,4,M,美众议院发布弹劾特朗普调查报告,International news (non-China),1,,,,,
12/4/2019,2019,12,4,M,珍珠价格连续三年上涨,Social affairs - economics,1,,,,,
12/4/2019,2019,12,4,M,央视主播说美国一些组织不能惯,International affairs (China-US),1,1,,,,
12/4/2019,2019,12,4,M,OECD教育主席夸中国学生,Role model,1,,,,,
12/4/2019,2019,12,4,M,日本立法禁止家长体罚孩子,International news (non-China),1,,,,,
12/4/2019,2019,12,4,E,四川宣布全省取缔P2P,Social affairs - local policy ,1,,,,,
12/4/2019,2019,12,4,E,湖南浏阳烟花厂爆炸,Social affairs - disaster,1,,,,,
12/4/2019,2019,12,4,E,农村学校食堂不得对外承包,Social affairs - local policy ,1,,,,,
12/4/2019,2019,12,4,E,成都银杏,Social affairs,1,,,,,
12/4/2019,2019,12,4,E,东京30年内发生大地震几率达70%,International news (non-China),1,,,,,
12/4/2019,2019,12,4,E,杭州4000万豪宅被查封,Social affairs,1,,,,,
12/4/2019,2019,12,4,E,韩国技术人才被中国公司挖走,Social affairs,1,,,,,
12/4/2019,2019,12,4,E,国家反恐办就美涉疆法案答记者问,International affairs (China related),1,1,,,,
12/4/2019,2019,12,4,E,被顶替工作23年民工拒绝和解,Social scandal,1,,,,,
12/4/2019,2019,12,4,E,顶替退伍军人工作者已停职,Social scandal,1,,,,,
12/4/2019,2019,12,4,E,央视主播喊话香港学学澳门,Hong Kong,0,1,,,,
12/5/2019,2019,12,5,M,唐山地震电视弹出预警,Social affairs - disaster,1,,,1,1,
12/5/2019,2019,12,5,M,100款违法违规APP下架整改,Social affairs - consumer rights,1,,,,,
12/5/2019,2019,12,5,M,广州地陷失联者家属讲述,Social affairs - disaster,1,,,,,
12/5/2019,2019,12,5,M,昆明下雪,Social affairs - environment,1,,,1,1,
12/5/2019,2019,12,5,M,北京震感,Social affairs - disaster,0,,,,,
12/5/2019,2019,12,5,M,四川宜宾五粮液机场通航,Social affairs,1,,,,,
12/5/2019,2019,12,5,M,特朗普称特鲁多是两面派,International affairs (non-China),1,,,,,
12/5/2019,2019,12,5,M,天津震感,Social affairs - disaster,0,,,,,
12/5/2019,2019,12,5,M,韩国20岁年龄段6成人不想生娃,International news (non-China),1,,,,,
12/5/2019,2019,12,5,M,洛阳20岁女孩失联,Crime & court,1,,,,,
12/5/2019,2019,12,5,M,云南老人斗舞式文骂,Social affairs,1,,,,,
12/5/2019,2019,12,5,E,水滴筹创始人致歉,Social scandal,0,,1,,,
12/5/2019,2019,12,5,E,2023年底基本完成国家文化公园建设,Achievements,1,,,,,
12/5/2019,2019,12,5,E,外交部评美国一年580家农场破产,International news (non-China),1,1,,,,
12/5/2019,2019,12,5,E,外交部回应北约峰会未将中国定为威胁,International affairs (China related),1,1,1,,,
12/5/2019,2019,12,5,E,孙杨事件视频第3波,Social affairs - celebrity,0,,,,,
12/6/2019,2019,12,6,M,特朗普回应总统弹劾条款,International news (non-China),1,,,,,
12/6/2019,2019,12,6,M,人民日报评明星人设,Social affairs,1,1,,,,
12/6/2019,2019,12,6,M,横店影视基地开机率下降,Social affairs - economics,1,,,,,
12/6/2019,2019,12,6,M,深圳中小学资料涉性别歧视,Social scandal,1,,,,,
12/6/2019,2019,12,6,M,外交部评美国一年580家农场破产,International news (non-China),0,1,,,,
12/6/2019,2019,12,6,M,北京冬奥会冬残奥会志愿者招募,Social affairs,0,,,,,
12/6/2019,2019,12,6,M,东京奥运圣火传递起点辐射超标,Social affairs,1,,,,,
12/6/2019,2019,12,6,M,网上看病能信吗,Social affairs,1,,,,,
12/6/2019,2019,12,6,M,吹哨人,Social affairs,1,,,,,
12/6/2019,2019,12,6,M,南京一高校被指强制晨跑,Social affairs,1,,,,,
12/6/2019,2019,12,6,M,水滴筹创始人致歉,Social scandal,0,,,,,
12/6/2019,2019,12,6,E,上海迪士尼调整票价,Social affairs,1,,,,,
12/6/2019,2019,12,6,E,新疆反恐纪录片,Social affairs,1,1,,,,
12/6/2019,2019,12,6,E,一根香蕉卖12万美元,Bizzare,1,,,,,
12/6/2019,2019,12,6,E,兰州一研究所回应多人疑染人畜共患病,Social affairs - disaster,1,,1,,,
12/6/2019,2019,12,6,E,上财教授钱逢胜,Social scandal,1,,,,,
12/6/2019,2019,12,6,E,广东佛山山火,Social affairs - disaster,1,,,,,
12/6/2019,2019,12,6,E,时速600公里磁悬浮真车首亮相,Achievements,1,,,,,
12/6/2019,2019,12,6,E,首列wifi全覆盖和谐号动车组上线运营,Achievements,1,,,,,
12/6/2019,2019,12,6,E,日本东京房价收入比达13.3倍,International news (non-China),1,,,,,
12/6/2019,2019,12,6,E,洛阳20岁失联女孩已遇害,Crime & court,0,,1,,,
12/6/2019,2019,12,6,E,中国成功研制世界最高磁场超导磁体,Achievements,1,,,,,
12/6/2019,2019,12,6,E,沈阳居民楼大火系因住户插排故障,Social affairs - disaster,1,,,,,
12/7/2019,2019,12,7,M,香港警务处处长邓炳强天安门看升旗,Patriotic acts/festivals,1,,,,,
12/7/2019,2019,12,7,M,涉性别歧视中小学资料被回收,Social scandal,0,,1,,,
12/7/2019,2019,12,7,M,上海财经大学回应疑性骚扰事件,Social scandal,0,,1,,,
12/7/2019,2019,12,7,M,为什么包邮区会下大雪,Social affairs - environment,1,,,,,
12/7/2019,2019,12,7,M,新疆反恐纪录片,Social affairs,0,1,,,,
12/7/2019,2019,12,7,M,美国佛州一海军基地突发枪击案,International news (non-China),1,,,,,
12/7/2019,2019,12,7,M,武汉取消年度落户数量限制,Social affairs - local policy ,1,,,,,
12/7/2019,2019,12,7,M,百名火箭军女新兵宣誓入列,Role model,1,,,,,
12/7/2019,2019,12,7,M,神木被害少女母亲欲申请抗诉,Crime & court,1,,,,,
12/7/2019,2019,12,7,M,台州 雪,Social affairs - environment,1,,,,,
12/7/2019,2019,12,7,M,2019中国内地票房破600亿,Social affairs - trends,1,,,,,
12/7/2019,2019,12,7,E,失信人员冒名坐火车63次,Social scandal,1,,,,,
12/7/2019,2019,12,7,E,CGTN揭露新疆暴恐幕后黑手,Social affairs,0,1,,,,
12/7/2019,2019,12,7,E,上财疑猥亵学生教授已停课,Social scandal,0,,,,,
12/7/2019,2019,12,7,E,杨洁篪同美国国务卿蓬佩奥通电话,International affairs (China-US),1,1,,,,
12/7/2019,2019,12,7,E,我国成功发射吉林一号高分02B卫星,Achievements,1,,,,,
12/7/2019,2019,12,7,E,CBA外援奏国歌未行注目礼被罚款,Social scandal,1,,,,,
12/8/2019,2019,12,8,M,9岁中国女孩联合国演讲,Role model,1,,,,,
12/8/2019,2019,12,8,M,CGTN揭露新疆暴恐幕后黑手,Social affairs,0,1,,,,
12/8/2019,2019,12,8,M,云南一货车侧翻7死2伤,Social affairs - disaster,1,,,,,
12/8/2019,2019,12,8,M,北京铁路局2员工遭高铁撞轧身亡,Social affairs - disaster,1,,,,,
12/8/2019,2019,12,8,M,杨洁篪同美国国务卿蓬佩奥通电话,International affairs (China-US),1,1,,,,
12/8/2019,2019,12,8,M,陕西榆林警方悬赏5万追查嫌犯,Crime & court,1,,,,,
12/8/2019,2019,12,8,E,数千香港市民参与爱国护港集会,Hong Kong,0,,,,,
12/8/2019,2019,12,8,E,世界最大印钞厂发出破产警告,International news (non-China),1,,,,,
12/8/2019,2019,12,8,E,维多利亚瀑布几近干涸,International news (non-China),1,,,,,
12/8/2019,2019,12,8,E,南京将投放1800吨储备冻猪肉,Social affairs - economics,1,,,,,
12/8/2019,2019,12,8,E,12万美元的香蕉当场被吃,Bizzare,0,,1,,,
12/8/2019,2019,12,8,E,港警新一哥说止暴制乱会刚柔并济,Hong Kong,1,,,,,
12/8/2019,2019,12,8,E,朝鲜进行重大试验,International news (non-China),1,,,,,
12/8/2019,2019,12,8,E,警方回应14岁学生体育活动中死亡,Crime & court,1,,1,,,
12/9/2019,2019,12,9,M,乘客收到噩耗航班紧急滑回,Social affairs,1,,,,,
12/9/2019,2019,12,9,M,湖南载22人旅游客车翻下山谷,Social affairs - disaster,1,,,,,
12/9/2019,2019,12,9,M,香港特区政府强烈谴责纵火破坏法院,Hong Kong,1,,,,,
12/9/2019,2019,12,9,M,特朗普抱怨冲厕所要十几次,Bizzare,1,,,,,
12/9/2019,2019,12,9,M,医保灵魂砍价手回应为何一分分还价,Social affairs,1,,,,,
12/9/2019,2019,12,9,M,弹窗广告五千块买百万曝光,Social affairs - economics,1,,,,,
12/9/2019,2019,12,9,M,中国航天的超级2019,Achievements,1,,,,,
12/9/2019,2019,12,9,M,华为终端明年全线搭载鸿蒙系统,Social affairs - economics,1,,,,,
12/9/2019,2019,12,9,M,成都大雾,Social affairs - environment,1,,,,,
12/9/2019,2019,12,9,M,中国速滑首夺男子1500米金牌,Achievements,1,,,1,1,
12/9/2019,2019,12,9,M,深圳写字楼部分租金跌超四成,Social affairs - economics,1,,,,,
12/9/2019,2019,12,9,E,上财副教授被开除,Social scandal,0,,1,1,1&2,
12/9/2019,2019,12,9,E,俄罗斯遭国际禁赛4年,International news (non-China),1,,,,,
12/9/2019,2019,12,9,E,教育部回应中小学繁体字识读提案,Social affairs,1,1,1,,,
12/9/2019,2019,12,9,E,央视揭韩国娱乐圈自杀魔咒,Social scandal,1,1,,,,
12/9/2019,2019,12,9,E,诺奖得主称逃离地球不负责任,International affairs (non-China),1,,,,,
12/9/2019,2019,12,9,E,驻香港部队老兵向军旗告别,Patriotic acts/festivals,1,,,,,
12/9/2019,2019,12,9,E,香港特区政府强烈谴责纵火破坏法院,Hong Kong,0,,,,,
12/9/2019,2019,12,9,E,小米正式进入日本,Social affairs - economics,1,,,,,
12/10/2019,2019,12,10,M,两千只考拉或被山火烧死,International news (non-China),0,,,,,
12/10/2019,2019,12,10,M,月入不足万元基本无需缴纳个税,Social affairs - economics,1,,,,,
12/10/2019,2019,12,10,M,新西兰火山喷发有中国公民受伤失踪,Diaspora,1,,,,,
12/10/2019,2019,12,10,M,北京外卖不得主动提供一次性筷子,Social affairs - local policy ,1,,,,,
12/10/2019,2019,12,10,M,中国每100户家庭有33辆汽车,Social affairs - trends,1,,,,,
12/10/2019,2019,12,10,M,深圳女子被男友从家打到楼道,Social scandal,1,,,,,
12/10/2019,2019,12,10,M,上财副教授被开除,Social scandal,0,,1,,,
12/10/2019,2019,12,10,M,俄总理批兴奋剂问题是反俄闹剧,International affairs (non-China),1,,,,,
12/10/2019,2019,12,10,M,俄运动员只能以中立身份参赛,International affairs (non-China),1,,,,,
12/10/2019,2019,12,10,M,老师地震逆行冲回教室,Role model,1,,,,,
12/10/2019,2019,12,10,M,后天起春运车票开售,Social affairs,1,,,,,
12/10/2019,2019,12,10,M,普京回应俄罗斯被禁赛,International affairs (non-China),1,,,,,
12/10/2019,2019,12,10,E,袁隆平路边小店理发16年,Role model,1,,,,,
12/10/2019,2019,12,10,E,林郑月娥周六将赴京述职,Hong Kong,1,,,,,
12/10/2019,2019,12,10,E,上财女生将追究副教授刑事责任,Social scandal,0,,1,,,
12/10/2019,2019,12,10,E,香港多所大学暂定明年1月开课,Hong Kong,1,,,,,
12/10/2019,2019,12,10,E,朋友圈屏蔽同事罚款100元,Bizzare,1,,,,,
12/10/2019,2019,12,10,E,中国银行承德分行因避限额被罚,Social affairs - local policy ,1,,,,,
12/10/2019,2019,12,10,E,新西兰火山喷发两中国人受伤,Diaspora,0,,,,,
12/10/2019,2019,12,10,E,江苏省张家港市取消限售,Social affairs - local policy ,1,,,,,
12/10/2019,2019,12,10,E,央视评李子柒为何火遍全球,Role model,1,1,,,,
12/10/2019,2019,12,10,E,深圳警方通报女子被男友殴打,Crime & court,0,,,1,2,12/15: 今日说法：宇芽回忆家暴过程
12/11/2019,2019,12,11,M,孙杨案将推迟宣判,Social affairs - celebrity,0,,,,,
12/11/2019,2019,12,11,M,小腿中箭港警感谢内地民众支援,Hong Kong,1,,,,,
12/11/2019,2019,12,11,M,美国曝光阿富汗战争机密文件,International news (non-China),1,,,,,
12/11/2019,2019,12,11,M,驻澳门部队官兵准时升起五星红旗,Patriotic acts/festivals,1,,,,,
12/11/2019,2019,12,11,M,网红书店规定打卡必买一本书,Bizzare,1,,,,,
12/11/2019,2019,12,11,M,韩国人整体花的比挣的多,International news (non-China),1,,,,,
12/11/2019,2019,12,11,M,美国新泽西枪击事件致6死,International news (non-China),1,,,,,
12/11/2019,2019,12,11,M,朋友圈屏蔽同事罚款100元,Bizzare,0,,,,,
12/11/2019,2019,12,11,M,初学格斗被安排与冠军对打心脏骤停,Social scandal,1,,,,,
12/11/2019,2019,12,11,M,河南巩义三轮摩托车坠崖事故,Social affairs,1,,,,,
12/11/2019,2019,12,11,E,举报女生回应北大教授被解聘,Social scandal,1,,1,,,
12/11/2019,2019,12,11,E,殴打女友男子为宝安分局民警,Social scandal,0,,1,,,
12/11/2019,2019,12,11,E,一线城市快递员待遇超三四线公务员,Social affairs - trends,1,,,,,
12/11/2019,2019,12,11,E,国台办回应台湾居民可在内地参加社保,Social affairs,1,,1,,,
12/11/2019,2019,12,11,E,北大解聘与多人发生不正当关系教授,Social scandal,0,,1,,,
12/11/2019,2019,12,11,E,比利时9岁神童将直接读博,Bizzare,1,,,,,
12/11/2019,2019,12,11,E,明年个税专项附加扣除重要提醒,Social affairs - local policy ,1,,,,,
12/11/2019,2019,12,11,E,教育部发文规范普通高校特殊类型招生,Social affairs - local policy ,1,,,,,
12/11/2019,2019,12,11,E,美公司给198名员工发七千万元奖金,International news (non-China),1,,,,,
12/11/2019,2019,12,11,E,海南警方悬赏50万抓涉黑女头目,Crime & court,1,,,,,
12/11/2019,2019,12,11,E,央视动画状告京东和大头儿子公司,Social affairs,1,,,,,
12/11/2019,2019,12,11,E,汇丰帮美国富人逃税被罚1.92亿美元,International news (non-China),1,,,,,
12/11/2019,2019,12,11,E,沙特阿美成市值最高上市公司,International news (non-China),1,,,,,
12/11/2019,2019,12,11,E,德国将采用华为设备建设5G网络,International news (non-China),1,,,,,
,2019,12,12,M,老师家访途中遇车祸2死2伤,Social affairs,1,,,1,1,
12/12/2019,2019,12,12,M,汇源果汁或将退市,Social affairs - economics,1,,,,,
12/12/2019,2019,12,12,M,匈牙利辱华运动员发道歉信,International affairs (China related),1,,,,,
12/12/2019,2019,12,12,M,中学禁止网购发现就没收,Social affairs,1,,,,,
12/12/2019,2019,12,12,M,明年个税专项附加扣除重要提醒,Social affairs - local policy ,1,,,,,
12/12/2019,2019,12,12,M,人民日报评代拍乱象,Social affairs,1,1,,,,
12/12/2019,2019,12,12,M,2020春运部分车票开售日已售罄,Social affairs,1,,,,,
12/12/2019,2019,12,12,M,商务部2019精彩回应,Social affairs,1,1,,,,
12/12/2019,2019,12,12,M,哈尔滨警方冬季实战演练,Crime & court,1,,,,,
12/12/2019,2019,12,12,E,外交部称想黑中国也请用点脑子,International affairs (China related),1,1,,,,
12/12/2019,2019,12,12,E,高校奖励电梯救人同学59800元,Role model,1,,,,,
12/12/2019,2019,12,12,E,澳门市民眼中最可爱的人,Patriotic acts/festivals,1,,,,,
12/12/2019,2019,12,12,E,携号转网被要求交1.8万违约金,Social scandal,1,,,,,
12/12/2019,2019,12,12,E,英国地下农场绑3000童奴,International news (non-China),1,,,,,
12/12/2019,2019,12,12,E,乌克兰议会打架名场面,International news (non-China),1,,,,,
12/12/2019,2019,12,12,E,12306网购火车票业务办理时间延长,Social affairs,1,,,,,
12/12/2019,2019,12,12,E,中国影视明星社会责任研究报告,Social affairs,1,,,,,
12/12/2019,2019,12,12,E,中央军委举行晋升上将军衔仪式,Patriotic acts/festivals,1,,,,,
12/13/2019,2019,12,13,M,韩国结婚五年内夫妻四成无子女,International news (non-China),1,,,,,
12/13/2019,2019,12,13,M,司机突发心梗女乘客拦警车求助,Role model,1,,,,,
12/13/2019,2019,12,13,M,南京全城鸣笛致哀,Patriotic acts/festivals,1,,,,,
12/13/2019,2019,12,13,M,国家公祭日,Patriotic acts/festivals,1,,,1,1,
12/13/2019,2019,12,13,M,厦门吕厝地面发生塌陷,Social affairs - disaster,1,,,,,
12/13/2019,2019,12,13,M,法学毕业生偷车给民警普法被怼,Crime & court,1,,,,,
12/13/2019,2019,12,13,M,90后小伙跳水救轻生姑娘遇难,Social affairs,1,,,,,
12/13/2019,2019,12,13,M,登记在册在世幸存者仅剩78位,Social affairs - trends,1,,,,,
12/13/2019,2019,12,13,M,中央定调2020年楼市,Social affairs - economics,1,1,,,,
12/13/2019,2019,12,13,M,初中生因压力大晕倒在站台,Social affairs,1,,,,,
12/13/2019,2019,12,13,M,乘客万米高空突发癫痫被医生救治,Social affairs,1,,,,,
12/13/2019,2019,12,13,M,首相约翰逊赢得英国大选,International news (non-China),1,,,,,
12/13/2019,2019,12,13,M,候补购票兑现率达74%,Social affairs - trends,1,,,,,
12/13/2019,2019,12,13,M,72岁老兵徒步万里寻妻,Bizzare,1,,,,,
12/13/2019,2019,12,13,M,南京大屠杀遇难同胞丛葬地电子地图,Social affairs,1,,,,,
12/13/2019,2019,12,13,E,朵朵已成功转院,Social affairs,1,,,1,1,
12/13/2019,2019,12,13,E,故宫考古最新发现,Social affairs,1,,,,,
12/13/2019,2019,12,13,E,日本将5G定为国家战略,International news (non-China),1,,,,,
12/13/2019,2019,12,13,E,香港市民请愿支持警察加薪,Hong Kong,1,,,,,
12/13/2019,2019,12,13,E,农民工怕弄脏公交坐地上,Social affairs,1,,,,,
12/13/2019,2019,12,13,E,日军慰安妇制度受害者陈美英去世,International news (non-China),1,,,,,
12/13/2019,2019,12,13,E,82年前的南京,Social affairs,1,,,,,
12/13/2019,2019,12,13,E,13岁少女烧国旗被判12个月感化令,Social scandal,0,,,,,
12/13/2019,2019,12,13,E,2025年5G渗透率达48%,Social affairs - trends,1,,,,,
12/13/2019,2019,12,13,E,福布斯2019全球最具影响力女性,International news (non-China),1,,,,,
12/14/2019,2019,12,14,M,故宫考古最新发现,Social affairs,0,,,,,
12/14/2019,2019,12,14,M,日本将5G定为国家战略,International news (non-China),1,,,,,
12/14/2019,2019,12,14,M,香港市民请愿支持警察加薪,Hong Kong,1,,,,,
12/14/2019,2019,12,14,M,农民工怕弄脏公交坐地上,Social affairs,1,,,,,
12/14/2019,2019,12,14,M,日军慰安妇制度受害者陈美英去世,International news (non-China),1,,,,,
12/14/2019,2019,12,14,M,82年前的南京,Social affairs,1,,,,,
12/14/2019,2019,12,14,E,人民日报批视频网站套路,Social affairs,1,1,,1,2,
12/14/2019,2019,12,14,E,香港5人涉嫌罗伯凶杀案被拘捕,Hong Kong,1,,,,,
12/14/2019,2019,12,14,E,90后救人遇难被追授见义勇为称号,Role model,1,,,,,
12/14/2019,2019,12,14,E,韩国单身家庭占三成,International news (non-China),1,,,,,
12/14/2019,2019,12,14,E,近六成90后有实质性负债,Social affairs - trends,1,,,,,
12/14/2019,2019,12,14,E,云南省高院原院长因孙小果案被处分,Government acts,1,,,,,
12/14/2019,2019,12,14,E,空军举行晋升将官军衔仪式,Patriotic acts/festivals,1,,,,,
12/14/2019,2019,12,14,E,一个手机app系统疑致数十人自杀,Crime & court,1,,,,,
12/15/2019,2019,12,15,M,日本女高中生靠捞金鱼考上大学,Bizzare,1,,,,,
12/15/2019,2019,12,15,M,浙江卫视代表出席高以翔追悼会,Social affairs - celebrity,0,,1,,,
12/15/2019,2019,12,15,M,联合国秘书长 气候变化或引发经济灾难,International affairs (non-China),1,,,,,
12/15/2019,2019,12,15,M,立陶宛机场违禁物品做成圣诞树,International news (non-China),1,,,,,
12/15/2019,2019,12,15,M,宜宾事故14名失联人员位置确认,Social affairs - disaster,1,,,,,
12/15/2019,2019,12,15,M,中国航天2020年硬核预告,Achievements,1,,,,,
12/15/2019,2019,12,15,M,香港5人涉嫌罗伯凶杀案被拘捕,Hong Kong,0,,,,,
12/15/2019,2019,12,15,M,大爷被骗后反套路保健品,Bizzare,1,,,,,
12/15/2019,2019,12,15,M,小学家长群聊喝酒遭女家长怼,Bizzare,1,,,,,
12/15/2019,2019,12,15,M,北京等地局地积雪将超7厘米,Social affairs - environment,1,,,,,
12/15/2019,2019,12,15,M,逾八成职场女性有过焦虑抑郁,Social affairs - trends,1,,,,,
12/15/2019,2019,12,15,E,武汉大学清退92名国际学生,Social affairs,1,,,,,
12/15/2019,2019,12,15,E,周一故宫闭馆,Social affairs,1,,,,,
12/15/2019,2019,12,15,E,孙小果母亲获刑20年继父获刑19年,Crime & court,0,,,2,1,
12/15/2019,2019,12,15,E,北京暴雪蓝色预警,Social affairs - environment,1,,,,,
12/15/2019,2019,12,15,E,军事绝密816地下核工程重见世人,Social affairs,1,,,,,
12/15/2019,2019,12,15,E,33岁援藏干部工作岗位离世,Role model,1,,,,,
12/15/2019,2019,12,15,E,情侣放烟花拍照引发山火,Social affairs,1,,,,,
12/15/2019,2019,12,15,E,驻香港部队武装直升机特技飞行,Patriotic acts/festivals,1,,,,,
12/15/2019,2019,12,15,E,涉孙小果案19人获刑,Crime & court,0,,,2,1,
12/15/2019,2019,12,15,E,暂不对原产美国部分进口商品加征关税,Social affairs - economics,1,,,,,
12/15/2019,2019,12,15,E,病毒学家田波院士逝世,Role model,1,,,,,
12/15/2019,2019,12,15,E,酒驾遇查掏出1.8万年后驾照,Bizzare,1,,,,,
12/15/2019,2019,12,15,E,谷歌地球首次披露拍摄范围,International news (non-China),1,,,,,
12/16/2019,2019,12,16,M,北京下雪,Social affairs - environment,1,,,1,2,
12/16/2019,2019,12,16,M,教师严重违规终身禁教,Government acts,1,,,1,1,
12/16/2019,2019,12,16,M,上海一男子持刀砍人警方开枪,Crime & court,1,,,,,
12/16/2019,2019,12,16,M,江苏实现市市通动车,Social affairs - local policy ,1,,,,,
12/16/2019,2019,12,16,M,2019年我国减贫人口将超1000万,Social affairs - trends,1,,,,,
12/16/2019,2019,12,16,M,武汉大学清退92名国际学生,Social affairs,0,,,,,
12/16/2019,2019,12,16,M,军事绝密816地下核工程重见世人,Social affairs,0,,,,,
12/16/2019,2019,12,16,M,警方悬赏30万通缉B级逃犯,Crime & court,1,,,,,
12/16/2019,2019,12,16,M,孙小果母亲获刑20年继父获刑19年,Crime & court,0,,,2,1,
12/16/2019,2019,12,16,M,82岁飞行员奶奶忆雄县救灾,Role model,1,,,,,
12/16/2019,2019,12,16,E,林郑月娥,Hong Kong,1,,,1,1,
12/16/2019,2019,12,16,E,央视发布新版七子之歌MV,Patriotic acts/festivals,1,1,,1,2,
12/16/2019,2019,12,16,E,不法分子听了发抖的交响乐,Leisure,1,,,1,1,
12/16/2019,2019,12,16,E,台湾地震,Social affairs - environment,1,,,,,
12/16/2019,2019,12,16,E,NASA将送首位女宇航员登月,International news (non-China),1,,,,,
12/16/2019,2019,12,16,E,广州化工厂火灾,Social affairs - disaster,1,,,,,
12/17/2019,2019,12,17,M,45岁能被妈妈打是很幸福的,Social affairs,1,,,2,1,
12/17/2019,2019,12,17,M,官方致歉火车站扶梯长期未使用,Social affairs,1,1,,,,
12/17/2019,2019,12,17,M,中国武警第一条微博的评论,Role model,1,1,,,,
12/17/2019,2019,12,17,M,单人家庭将成韩国主流,International news (non-China),1,,,,,
12/17/2019,2019,12,17,M,国内首家千亿酒企,Social affairs - economics,1,,,,,
12/17/2019,2019,12,17,M,央视发布新版七子之歌MV,Patriotic acts/festivals,0,1,,1,2,
12/17/2019,2019,12,17,M,贵州发生煤矿事故14人死亡,Social affairs - disaster,1,,,,,
12/17/2019,2019,12,17,M,波音暂时停产737MAX,International news (non-China),1,,,,,
12/17/2019,2019,12,17,E,999皮炎平在吐槽大会违法植入广告,Social affairs - consumer rights,1,,,,,
12/17/2019,2019,12,17,E,拼多多被曝售卖假洋酒,Social affairs - consumer rights,1,,,,,
12/17/2019,2019,12,17,E,怡口蓮把怡口莲告了,Social affairs - consumer rights,1,,,,,
12/17/2019,2019,12,17,E,爱奇艺回应超前点播争议,Social affairs - consumer rights,1,,1,,,
12/17/2019,2019,12,17,E,我国首艘国产航空母舰交付海军,Achievements,1,,,,,
12/17/2019,2019,12,17,E,中国数字一线城市出炉,Social affairs - trends,1,,,,,
12/17/2019,2019,12,17,E,咖啡可能成奢侈品,Social affairs - trends,1,,,,,
12/17/2019,2019,12,17,E,医院致歉幼儿输液管中有虫,Social scandal,1,,,,,
12/17/2019,2019,12,17,E,欧洲买家收到中国造MacPro,International news (China related),1,,,,,
12/17/2019,2019,12,17,E,乌克兰人把一半钱用在吃喝上,International news (non-China),1,,,,,
12/17/2019,2019,12,17,E,没有暴力的香港是什么样,Hong Kong,1,,,,,
12/18/2019,2019,12,18,M,腾讯爱奇艺修改超前点播规则,Social affairs - consumer rights,0,,1,,,
12/18/2019,2019,12,18,M,4万吨中央储备冻猪肉将投放,Social affairs - economics,1,,,,,
12/18/2019,2019,12,18,M,四川资中5.2级地震,Social affairs - disaster,1,,,,,
12/18/2019,2019,12,18,M,341万人报名2020年研考,Social affairs - trends,1,,,,,
12/18/2019,2019,12,18,M,北京澳门大学生隔空合唱七子之歌,Patriotic acts/festivals,1,,,1,1,
12/18/2019,2019,12,18,M,日本性别平等排名跌至历史最低,International news (non-China),1,,,,,
12/18/2019,2019,12,18,M,三星手机彻底退出中国制造,International news (China related),1,,,,,
12/18/2019,2019,12,18,M,AirPods Pro美国全网脱销,International news (non-China),1,,,,,
12/18/2019,2019,12,18,M,拼多多回应商家售假酒,Social affairs - consumer rights,1,,1,,,
12/18/2019,2019,12,18,M,四川煤矿事故被困13人全部救出,Social affairs - disaster,0,,1,1,1,
12/18/2019,2019,12,18,M,有虫输液管涉事厂家曾多次违法,Social affairs - consumer rights,0,,1,,,
12/18/2019,2019,12,18,M,日本公司允许每周休假4天,International news (non-China),1,,,,,
12/18/2019,2019,12,18,M,今年平均每人花44元看电影,Social affairs - trends,1,,,,,
12/18/2019,2019,12,18,M,美国34%家庭租房,International news (non-China),1,,,,,
12/18/2019,2019,12,18,E,腾讯因超前点播被起诉,Social affairs - consumer rights,0,,,,,
12/18/2019,2019,12,18,E,7个月大婴儿就任美国名誉市长,International news (non-China),1,,,,,
12/18/2019,2019,12,18,E,二维码之父首谈中国使用超日本,International news (non-China),1,,,,,
12/18/2019,2019,12,18,E,沈阳市公安局回应在校大学生被伤害,Social affairs,1,,1,,,
12/18/2019,2019,12,18,E,外交部回应美成立太空部队,International affairs (non-China),1,,,,,
12/18/2019,2019,12,18,E,浙工大屏峰校区学生宿舍着火,Social scandal,1,,,,,
12/18/2019,2019,12,18,E,张朝阳谈视频会员加价,Social affairs - consumer rights,0,,1,,,
12/18/2019,2019,12,18,E,货车追尾轿车导致5死1伤,Social affairs - disaster,1,,,,,
12/18/2019,2019,12,18,E,13名被困矿工靠一盒剩饭撑到获救,Social affairs - disaster,0,,,,,
12/19/2019,2019,12,19,M,地震时幼儿园老师抓起娃就跑,Role model,0,,,,,
12/19/2019,2019,12,19,M,漠河冻梨变铁锤,Social affairs - environment,1,,,,,
12/19/2019,2019,12,19,M,学霸寝室6人获15个名校offer,Role model,1,,,,,
12/19/2019,2019,12,19,M,韩国国务总理秘书室突遭搜查,International news (non-China),1,,,,,
12/19/2019,2019,12,19,M,香港取消跨年烟花汇演,Hong Kong,1,,,,,
12/19/2019,2019,12,19,M,农历小年火车票,Social affairs - trends,1,,,,,
12/19/2019,2019,12,19,M,美众议院决定弹劾特朗普,International news (non-China),1,,,1,1,
12/19/2019,2019,12,19,M,3名英国女议员带宝宝宣誓入职,International news (non-China),1,,,,,
12/19/2019,2019,12,19,M,央行14天期逆回购利率下降,Social affairs - economics,1,,,,,
12/19/2019,2019,12,19,M,新能源车退役电池达20万吨,Social affairs - trends,1,,,,,
12/19/2019,2019,12,19,M,明年起饲料禁止添加抗生素,Social affairs - local policy ,1,,,,,
12/19/2019,2019,12,19,E,地震瞬间丈夫一把拉回怀孕妻子,Role model,0,,,,,
12/19/2019,2019,12,19,E,庆祝澳门回归祖国20周年文艺晚会,Patriotic acts/festivals,1,,,1,1,
12/19/2019,2019,12,19,E,香榭丽舍大街拟2.5亿欧元翻修,International news (non-China),1,,,,,
12/19/2019,2019,12,19,E,特朗普回应遭弹劾,International news (non-China),1,,1,,,
12/19/2019,2019,12,19,E,德国反对将华为排除在5G建设之外,International news (non-China),1,,,,,
12/19/2019,2019,12,19,E,77名驻澳门部队官兵摆出莲花图案,Patriotic acts/festivals,1,,,,,
12/19/2019,2019,12,19,E,沈阳铁路开行雪国列车,Social affairs,1,,,,,
12/20/2019,2019,12,20,M,庆祝澳门回归祖国20周年大会,Patriotic acts/festivals,0,,,,,
12/20/2019,2019,12,20,M,滴滴顺风车将在北京等5城市试运营,Social affairs - economics,1,,,,,
12/20/2019,2019,12,20,M,法院直播催老赖还钱,Social affairs,1,,,,,
12/20/2019,2019,12,20,M,澳门金莲花广场升旗仪式,Patriotic acts/festivals,0,,,1,1,
12/20/2019,2019,12,20,M,不扫门前垃圾获百斤重垃圾桶,Social affairs - local policy ,1,,,,,
12/20/2019,2019,12,20,M,英国发明新款马桶缩短员工如厕时间,International news (non-China),1,,,,,
12/20/2019,2019,12,20,M,北京外卖垃圾分类,Social affairs - local policy ,1,,,,,
12/20/2019,2019,12,20,M,獐子岛回应外来贝质疑,Social affairs - consumer rights,1,,1,,,
12/20/2019,2019,12,20,M,全球男性吸烟者数量首次下降,International news (non-China),1,,,,,
12/20/2019,2019,12,20,M,手机能读取电子护照了,Social affairs - local policy ,1,,,,,
12/20/2019,2019,12,20,M,12项资格考试报名可无证明办理,Social affairs - local policy ,1,,,,,
12/20/2019,2019,12,20,E,香港已有80名教师被捕,Hong Kong,1,,,,,
12/20/2019,2019,12,20,E,相亲中最受欢迎的女生职业,Social affairs - trends,1,,,,,
12/20/2019,2019,12,20,E,兵马俑坑内浇水,Social scandal,1,,,,,
12/20/2019,2019,12,20,E,未达刑责年龄未成年人不能一放了之,Crime & court,1,,,,,
12/20/2019,2019,12,20,E,不放过任何一个侵害未成年人犯罪案件,Crime & court,1,,,,,
12/20/2019,2019,12,20,E,酒鬼酒被举报非法添加甜蜜素,Social affairs - consumer rights,1,,,,,
12/20/2019,2019,12,20,E,2.67亿Facebook用户信息被公开,International news (non-China),1,,,,,
12/20/2019,2019,12,20,E,17款APP自动续费不通知,Social affairs - consumer rights,1,,,,,
12/20/2019,2019,12,20,E,社保卡持卡人数超13亿,Social affairs - trends,1,,,,,
12/20/2019,2019,12,20,E,近六成快递小哥曾自行赔付,Social affairs - trends,1,,,,,
12/21/2019,2019,12,21,M,明年将制定个人信息保护法,Social affairs - local policy ,1,,,,,
12/21/2019,2019,12,21,M,澳洲人给猫头鹰浇水降温,International news (non-China),1,,,,,
12/21/2019,2019,12,21,M,巴黎圣母院今年不庆祝圣诞节,International news (non-China),1,,,,,
12/21/2019,2019,12,21,M,香港已有80名教师被捕,Hong Kong,0,,,,,
12/21/2019,2019,12,21,M,不放过任何一个侵害未成年人犯罪案件,Crime & court,0,,,,,
12/21/2019,2019,12,21,M,气候变化致所罗门11岛消失,International news (non-China),1,,,,,
12/21/2019,2019,12,21,M,气泡屏障阻挡海洋垃圾,International news (non-China),1,,,,,
12/21/2019,2019,12,21,M,俄军用3D打印机修战斗机,International news (non-China),1,,,,,
12/21/2019,2019,12,21,E,22岁女孩去世捐献器官让3人新生,Role model,1,,,,,
12/21/2019,2019,12,21,E,韩国曝幽灵整容数百人丧命,International news (non-China),1,,,,,
12/21/2019,2019,12,21,E,澳门孩子说要将中国国粹传下去,Patriotic acts/festivals,1,,,,,
12/21/2019,2019,12,21,E,90后出纳员819次挪用公款,Social scandal,1,,,,,
12/21/2019,2019,12,21,E,当民族乐器遇上七子之歌,Patriotic acts/festivals,1,,,,,
12/21/2019,2019,12,21,E,明年将制定个人信息保护法,Social affairs - local policy ,0,,,,,
12/21/2019,2019,12,21,E,吉林坠江大客车事发监控,Social affairs - disaster,1,,,1,1,
12/21/2019,2019,12,21,E,2023年全球人口将达80亿,International news (non-China),1,,,,,
12/21/2019,2019,12,21,E,村干部默许临汾贫困户烧煤,Role model,1,,,,,
12/22/2019,2019,12,22,M,新入伍消防员逼真火场训练,Crime & court,1,,,,,
12/22/2019,2019,12,22,M,老人遭三连撞事故两肇事者落网,Crime & court,0,,1,,,
12/22/2019,2019,12,22,M,广东中山一小区火灾致6死,Social affairs - disaster,1,,,,,
12/22/2019,2019,12,22,M,当民族乐器遇上七子之歌,Patriotic acts/festivals,1,,,,,
12/22/2019,2019,12,22,M,澳门孩子说要将中国国粹传下去,Patriotic acts/festivals,1,,,1,2,
12/22/2019,2019,12,22,M,BBC总结中国80后五大特征,International affairs (China related),1,,,,,
12/22/2019,2019,12,22,M,美国载人飞船首飞失败,International news (non-China),1,,,,,
12/22/2019,2019,12,22,M,世界最大印钞厂濒临破产,International news (non-China),1,,,,,
12/22/2019,2019,12,22,M,肥胖者每年额外排出7亿吨二氧化碳,Social affairs - trends,1,,,,,
12/22/2019,2019,12,22,M,长安福特30岁工程师坠亡,Bizzare,1,,,,,
12/22/2019,2019,12,22,E,微博回应关闭刘鑫账号,Social scandal,1,,1,,,
12/22/2019,2019,12,22,E,央视曝光健身房办卡陷阱,Social affairs - consumer rights,1,1,,,,
12/22/2019,2019,12,22,E,一通骚扰电话最高可罚款7万元,International news (non-China),1,,,,,
12/22/2019,2019,12,22,E,连吃12个包子消防员因病离职,Role model,1,,,,,
12/22/2019,2019,12,22,E,外卖员疑因差评持刀伤人,Crime & court,1,,,,,
12/22/2019,2019,12,22,E,美团否认伤人外卖员因差评行凶,Crime & court,0,,1,,,
12/22/2019,2019,12,22,E,古巴时隔43年重新拥有总理,International news (non-China),1,,,,,
12/22/2019,2019,12,22,E,警方通报外卖小哥持刀伤人,Crime & court,0,,1,,,
12/22/2019,2019,12,22,E,特种兵空中伞降遭遇多种险情,Role model,1,,,,,
12/23/2019,2019,12,23,M,我国五分之一冰川消融,Social affairs - environment,1,,,,,
12/23/2019,2019,12,23,M,一通骚扰电话最高可罚款7万元,International news (non-China),1,,,,,
12/23/2019,2019,12,23,M,当外军看到中国军人的手,Role model,1,,,,,
12/23/2019,2019,12,23,M,警方通报沈大研究生在校被刺案,Crime & court,1,1,,,,
12/23/2019,2019,12,23,M,东京奥运民宿价格上涨至23倍,International news (non-China),1,,,,,
12/23/2019,2019,12,23,M,韩国有房超10套人数创新高,International news (non-China),1,,,,,
12/23/2019,2019,12,23,M,澳珠烟花汇演,Patriotic acts/festivals,1,,,,,
12/23/2019,2019,12,23,M,警方通报外卖小哥持刀伤人,Crime & court,0,1,,,,
12/23/2019,2019,12,23,M,微博回应关闭刘鑫账号,Social scandal,0,,1,,,
12/23/2019,2019,12,23,M,加蓬首都4名中国船员被绑架,Diaspora,1,,,,,
12/23/2019,2019,12,23,M,天津蓟州3.3级地震,Social affairs - disaster,1,,,,,
12/23/2019,2019,12,23,M,首批赴黎维和女扫雷手,Role model,1,,,,,
12/23/2019,2019,12,23,E,2019年赴韩中国游客创新高,Social affairs - trends,1,,,,,
12/23/2019,2019,12,23,E,浏阳花炮厂爆炸瞒报死亡人数,Social affairs - disaster,0,,1,,,
12/23/2019,2019,12,23,E,文在寅表示香港新疆都是中国内政,International affairs (China related),1,,,,,
12/23/2019,2019,12,23,E,日本欲将核污水排入大气或大海,International news (non-China),1,,,,,
12/23/2019,2019,12,23,E,iphonex电池劣化提醒,Social affairs - consumer rights,1,,,,,
12/23/2019,2019,12,23,E,登记在册在世幸存者只剩77人,Social affairs - trends,1,,,,,
12/23/2019,2019,12,23,E,西藏所有县区全部脱贫摘帽,Achievements,1,,,,,
12/23/2019,2019,12,23,E,波音飞船任务失败提前返回地球,International news (non-China),1,,,,,
12/23/2019,2019,12,23,E,波音CEO辞职,International news (non-China),1,,,,,
12/24/2019,2019,12,24,M,耿爽尴尬不失礼貌的微笑,International affairs (China related),1,1,,,,
12/24/2019,2019,12,24,M,香港自6月起发生逾4000宗起底个案,Hong Kong,1,,,,,
12/24/2019,2019,12,24,M,京都动画火灾7分钟后无人逃出,International news (non-China),1,,,,,
12/24/2019,2019,12,24,M,三成韩国人高学历低就业,International news (non-China),1,,,,,
12/24/2019,2019,12,24,M,该不该取消外卖小哥差评制度,Social affairs - consumer rights,1,,,,,
12/24/2019,2019,12,24,M,文在寅表示香港新疆都是中国内政,International affairs (China related),0,1,1,,,
12/24/2019,2019,12,24,M,美国发现3.85亿年前森林化石,International news (non-China),1,,,,,
12/24/2019,2019,12,24,M,边防官兵化雪水煮饺子为战友庆生,Role model,1,,,,,
12/24/2019,2019,12,24,M,挖63米地道抢银行,Bizzare,1,,,,,
12/24/2019,2019,12,24,M,泰国杀妻骗保案今日宣判,Crime & court,1,,,,,
12/24/2019,2019,12,24,M,住建部 明年房地产市场稳字当头,Social affairs - economics,1,1,,,,
12/24/2019,2019,12,24,E,上海大统路火灾,Social affairs - disaster,1,,,,,
12/24/2019,2019,12,24,E,耿爽尴尬不失礼貌的微笑,International affairs (China related),0,1,,,,
12/24/2019,2019,12,24,E,美团饿了么等签交通安全守法承诺书,Social affairs - local policy ,1,,,,,
12/24/2019,2019,12,24,E,购车五年后的新车主平均胖20斤,Social affairs - trends,1,,,,,
12/24/2019,2019,12,24,E,香港自6月起发生逾4000宗起底个案,Hong Kong,0,,,,,
12/24/2019,2019,12,24,E,两岸2020春节航班加班总量不限,Social affairs,1,,,,,
12/24/2019,2019,12,24,E,近五成大学生每天读书不足半小时,Social affairs - trends,1,,,,,
12/24/2019,2019,12,24,E,小学推上学打卡APP被叫停,Social affairs - local policy ,1,,,,,
12/25/2019,2019,12,25,M,国务院 规范企业裁员行为,Social affairs - local policy ,1,1,,,,
12/25/2019,2019,12,25,M,安倍说中日韩并非魏蜀吴,International affairs (China related),1,,,,,
12/25/2019,2019,12,25,M,卢森堡将成首个公交全免费国家,International news (non-China),1,,,,,
12/25/2019,2019,12,25,M,保健品公司老总演讲时身亡,Social affairs,1,,,,,
12/25/2019,2019,12,25,M,土豪公司春节放假19天,Bizzare,1,,,,,
12/25/2019,2019,12,25,M,湖南一商场抛气球2人受伤,Bizzare,1,,,,,
12/25/2019,2019,12,25,M,耿爽尴尬不失礼貌的微笑,International affairs (China related),1,,,,,
12/25/2019,2019,12,25,M,上海大统路火灾,Social affairs - disaster,1,,,,,
12/25/2019,2019,12,25,M,浙江一高校被地产商买下,Social affairs,1,,,,,
12/25/2019,2019,12,25,M,印度发生洋葱危机,International news (non-China),1,,,,,
12/25/2019,2019,12,25,M,印度一架飞机被卡在桥下,International news (non-China),1,,,,,
12/25/2019,2019,12,25,M,广东统一人身损害赔偿标准,Social affairs - local policy ,1,,,,,
12/25/2019,2019,12,25,E,李小龙女儿起诉真功夫餐饮,Social affairs - economics,1,,,,,
12/25/2019,2019,12,25,E,安倍晋三接受水均益专访,International affairs (China related),1,,,,,
12/25/2019,2019,12,25,E,95后全职妈妈占比八成,Social affairs - trends,1,,,,,
12/25/2019,2019,12,25,E,iPhone XR成Q3最畅销智能机,Social affairs - trends,1,,,,,
12/25/2019,2019,12,25,E,300万以下常住人口城市取消落户限制,Social affairs - local policy ,1,,,,,
12/25/2019,2019,12,25,E,公安部对30人发出A级通缉令,Crime & court,1,,,,,
12/25/2019,2019,12,25,E,亚马逊一条虚假好评116元,International news (non-China),1,,,,,
12/25/2019,2019,12,25,E,温州本科生买房打7折租房3折,Social affairs - local policy ,1,,,,,
12/25/2019,2019,12,25,E,广东火灾夫妻俩为知名企业家,Social affairs - disaster,1,,1,,,
12/25/2019,2019,12,25,M,王思聪承担熊猫互娱20亿损失,Social affairs - celebrity,1,,,,,
12/26/2019,2019,12,26,M,联通5G赋能智慧冬奥,Achievements,1,,,,,
12/26/2019,2019,12,26,M,巴黎圣母院一半概率无法挽救,International news (non-China),1,,,,,
12/26/2019,2019,12,26,M,300万以下常住人口城市取消落户限制,Social affairs - local policy ,0,,,,,
12/26/2019,2019,12,26,M,真功夫回应被诉侵权,Social affairs - economics,1,,1,,,
12/26/2019,2019,12,26,M,俄罗斯成功与全球互联网断开,International news (non-China),1,,,,,
12/26/2019,2019,12,26,M,24岁辅警执勤中被撞牺牲,Role model,1,,,,,
12/26/2019,2019,12,26,M,甘肃一企业银行账号被冻结无法解封,Social affairs,1,,,,,
12/26/2019,2019,12,26,M,警示牌恐吓司机办理ETC,Social affairs,1,,,,,
12/26/2019,2019,12,26,M,安倍晋三接受水均益专访,International affairs (China related),0,,,,,
12/26/2019,2019,12,26,M,三成韩国青少年没有勇气生活,International news (non-China),1,,,,,
12/26/2019,2019,12,26,M,核桃价格创新低,Social affairs - trends,1,,,,,
12/26/2019,2019,12,26,M,95后全职妈妈占比八成,Social affairs - trends,0,,,,,
12/26/2019,2019,12,26,M,消防员用身体挡住落石,Role model,1,,,,,
12/26/2019,2019,12,26,E,真功夫不与李小龙女儿庭外和解,Social affairs - economics,0,,1,,,
12/26/2019,2019,12,26,E,湖北孝感地震,Social affairs - disaster,1,,,,,
12/26/2019,2019,12,26,E,收入和就业最影响幸福感,Social affairs - trends,1,,,,,
12/26/2019,2019,12,26,E,熊猫互娱投资人否认已获王思聪赔偿,Social affairs - celebrity,0,,1,,,
12/26/2019,2019,12,26,E,武汉震感,Social affairs - disaster,1,,,,,
12/26/2019,2019,12,26,E,印度1公斤垃圾可换1顿大餐,International news (non-China),1,,,,,
12/26/2019,2019,12,26,E,南昌规定学校不得给家长布置作业,Social affairs,1,,,,,
12/26/2019,2019,12,26,E,微信公众号后台崩了,Social affairs,1,,,,,
12/26/2019,2019,12,26,E,山东舰编队穿越台湾海峡,Government acts,1,,,,,
12/26/2019,2019,12,26,E,日本啤酒泡面对韩出口减少99%,International affairs (non-China),1,,,,,
12/26/2019,2019,12,26,E,广东连州交通事故致7死2伤,Social affairs - disaster,1,,,,,
12/26/2019,2019,12,26,E,卫健委回应高以翔猝死事件,Social affairs - celebrity,0,1,1,,,
12/26/2019,2019,12,26,E,吴谢宇案已移送福州中院,Crime & court,1,,,,,
12/27/2019,2019,12,27,M,老师上课点名救一家5口,Bizzare,1,,,1,1,
12/27/2019,2019,12,27,M,微信微博聊天记录可作为证据,Social affairs - local policy ,1,1,,,,
12/27/2019,2019,12,27,M,194位山区小朋友发新书,Social affairs,1,,,,,
12/27/2019,2019,12,27,M,韩国禁止使用有色塑料,International news (non-China),1,,,,,
12/27/2019,2019,12,27,M,国防部发言人霸气回应美国防长,International affairs (China-US),1,1,,,,
12/27/2019,2019,12,27,M,北京市吸烟人数有363万,Social affairs - trends,1,,,,,
12/27/2019,2019,12,27,M,真功夫不与李小龙女儿庭外和解,Social affairs - economics,0,,,,,
12/27/2019,2019,12,27,M,韩国空气炸锅加热后被检出致癌物,Social affairs - consumer rights,1,,,,,
12/27/2019,2019,12,27,M,幼师让孩子自己打自己嘴巴,Social scandal,1,,,,,
12/27/2019,2019,12,27,M,安倍喊商界大佬给员工加薪,International news (non-China),1,,,,,
12/27/2019,2019,12,27,M,吴谦正告美方不要贼喊捉贼,International affairs (China-US),1,1,,,,
12/27/2019,2019,12,27,M,恒丰银行原董事长被判死缓,Crime & court,1,,,,,
12/27/2019,2019,12,27,M,2019年中国游戏女玩家达3亿,Social affairs - trends,1,,,,,
12/27/2019,2019,12,27,M,成都地铁5号线正式开通,Social affairs - local policy ,1,,,,,
12/27/2019,2019,12,27,E,信鸽失踪42天带回字条,Bizzare,1,,,,,
12/27/2019,2019,12,27,E,长征五号遥三火箭发射,Achievements,1,,,1,1,
12/27/2019,2019,12,27,E,3名中国人在泰注册微信假号被捕,Social affairs,1,,,,,
12/27/2019,2019,12,27,E,花6.2万元口腔正畸后仍无法正常咬合,Social affairs - consumer rights,1,,,,,
12/27/2019,2019,12,27,E,国防部发言人霸气回应美国防长,International affairs (China-US),1,1,,,,
12/27/2019,2019,12,27,E,安倍喊商界大佬给员工加薪,International news (non-China),1,,,,,
12/27/2019,2019,12,27,E,哈坠机事故原因系操作失误和技术故障,International news (non-China),1,,,1,1,
12/27/2019,2019,12,27,E,中国大陆近期几场地震没有必然联系,Social affairs - disaster,1,1,,,,
12/27/2019,2019,12,27,E,新兵海军接受父母检阅,Role model,1,,,,,
12/27/2019,2019,12,27,E,央行拟规范暴力催收,Government acts,1,1,,,,
12/27/2019,2019,12,27,E,法国香水出厂成本不及售价两成,International news (non-China),1,,,,,
12/28/2019,2019,12,28,M,民航总医院内行凶嫌疑人孙文斌被批捕,Social scandal,1,,,2,1,
12/28/2019,2019,12,28,M,指挥大厅里的小姐姐笑着笑着就哭了,Achievements,0,,,,,
12/28/2019,2019,12,28,M,墨西哥发现千年玛雅宫殿,International news (non-China),1,,,,,
12/28/2019,2019,12,28,M,全球超一半珊瑚已死亡,International news (non-China),1,,,,,
12/28/2019,2019,12,28,M,张家界云海云瀑如梦似幻,Social affairs - environment,1,,,,,
12/28/2019,2019,12,28,M,近七成青年承认自己爱拖延,Social affairs - trends,1,,,,,
12/28/2019,2019,12,28,M,中国立法防医闹,Government acts,1,1,,,,
12/28/2019,2019,12,28,M,1.6万辆凯迪拉克CT6召回,Social affairs - consumer rights,1,,,,,
12/28/2019,2019,12,28,M,作家陈岚就小凤雅事件道歉,Bizzare,1,,,,,
12/28/2019,2019,12,28,M,证券从业人员禁止买卖股票,Government acts,1,,,,,
12/28/2019,2019,12,28,M,民法典草案,Government acts,1,,,,,
12/28/2019,2019,12,28,M,康辉赞胖五威武,Achievements,0,1,,,,
12/28/2019,2019,12,28,E,民航总医院急诊收到大量奶茶鲜花,Social scandal,0,,,,,
12/28/2019,2019,12,28,E,女孩坐出租车遇害案一审宣判,Crime & court,1,,,,,
12/28/2019,2019,12,28,E,禁止任何人威胁医护人员人身安全,Government acts,0,1,,,,
12/28/2019,2019,12,28,E,切尔诺贝利33年后再现圣诞树,International news (non-China),1,,,,,
12/28/2019,2019,12,28,E,为什么很多司机不办ETC,Social affairs,1,,,,,
12/28/2019,2019,12,28,E,山东临沂兰陵县2.9级地震,Social affairs - disaster,1,,,,,
12/28/2019,2019,12,28,E,卫健委回应民航总医院伤医案,Social scandal,0,1,1,1,1,
12/28/2019,2019,12,28,E,中国立法防医闹,Government acts,0,1,,1,1,
12/28/2019,2019,12,28,E,中国超七成智能手机用到北斗系统,Social affairs - trends,1,,,,,
12/28/2019,2019,12,28,E,韩国兴起睡眠经济,International news (non-China),1,,,,,
12/28/2019,2019,12,28,E,极端天气造成今年损失1074亿英镑,International news (non-China),1,,,,,
12/29/2019,2019,12,29,M,重庆跳楼砸死路人男子家属未露面,Bizzare,0,,,,,
12/29/2019,2019,12,29,M,12306屏蔽多个抢票软件,Social affairs - consumer rights,1,,,,,
12/29/2019,2019,12,29,M,禁止任何人威胁医护人员人身安全,Government acts,0,1,,1,1,
12/29/2019,2019,12,29,M,杀妻骗保案受害者家属墓前痛哭,Social affairs,0,,,,,
12/29/2019,2019,12,29,M,全球前500富豪今年财富增加25%,International news (non-China),1,,,,,
12/29/2019,2019,12,29,M,民航总医院急诊收到大量奶茶鲜花,Social scandal,0,,,,,
12/29/2019,2019,12,29,M,切尔诺贝利33年后再现圣诞树,International news (non-China),0,,,,,
12/29/2019,2019,12,29,M,卫健委回应民航总医院伤医案,Social scandal,0,1,1,1,1,
12/29/2019,2019,12,29,M,中国立法防医闹,Government acts,0,1,,1,1,
12/29/2019,2019,12,29,M,患者家属没有任何愧疚,Social scandal,0,,1,,,
12/29/2019,2019,12,29,M,为什么很多司机不办ETC,Social affairs,0,,,,,
12/29/2019,2019,12,29,M,黑龙江发现陨石坑冰川遗址,Achievements,1,,,,,
12/29/2019,2019,12,29,M,攻破骗子后台理工男协助办案,Social affairs,1,,,,,
12/29/2019,2019,12,29,M,宁夏首条高铁开通,Achievements,1,,,,,
12/29/2019,2019,12,29,E,央视曝光考研作弊利益链,Social scandal,1,1,,,,
12/29/2019,2019,12,29,E,CGTN记者揭西方涉疆涉恐双重标准,International affairs (China related),1,1,,,,
12/29/2019,2019,12,29,E,医院辟谣未对杀医者家属免费治疗,Social scandal,1,,1,1,1,
12/29/2019,2019,12,29,E,6万辆共享单车挤爆两大停车场,Social affairs,1,,,,,
12/29/2019,2019,12,29,E,北方多地将在瑟瑟发抖中结束2019年,Social affairs - environment,1,,,,,
12/29/2019,2019,12,29,E,2019我国离婚数量或再创新高,Social affairs - trends,1,,,,,
12/29/2019,2019,12,29,E,2025年社保卡将覆盖全国,Social affairs - trends,1,,,,,
12/29/2019,2019,12,29,E,禁止任何人威胁医护人员人身安全,Government acts,0,1,,,,
12/29/2019,2019,12,29,E,医患关系愈发紧张的原因,Social affairs,0,,1,,,
12/30/2019,2019,12,30,M,重庆被砸艺考生父母选择原谅,Bizzare,0,,1,,,
12/30/2019,2019,12,30,M,韩国议会又打起来了,International news (non-China),1,,,,,
12/30/2019,2019,12,30,M,央视曝光考研作弊利益链,Social scandal,0,1,,,,
12/30/2019,2019,12,30,M,全国铁路大调图,Social affairs,1,,,,,
12/30/2019,2019,12,30,M,京张高铁今日开通,Social affairs,1,,,1,1,
12/30/2019,2019,12,30,M,世界上首座进入奥运村的高铁站,Social affairs,1,,,,,
12/30/2019,2019,12,30,M,北京房价真降了,Social affairs - economics,1,,,,,
12/30/2019,2019,12,30,M,龙港小学老师体罚学生被停职,Social scandal,1,,,,,
12/30/2019,2019,12,30,M,油价迎今年最后一次调价,Social affairs - economics,1,,,1,1,
12/30/2019,2019,12,30,M,北京大风,Social affairs - environment,1,,,,,
12/30/2019,2019,12,30,M,CGTN记者揭西方涉疆涉恐双重标准,International affairs (China related),0,1,,,,
12/30/2019,2019,12,30,M,2019我国离婚数量或再创新高,Social affairs - trends,0,,,,,
12/30/2019,2019,12,30,M,新消防员强忍泪水与家人分别,Role model,1,,,,,
12/30/2019,2019,12,30,M,莫斯科用人造雪迎新年,International news (non-China),1,,,,,
12/30/2019,2019,12,30,M,北方多地将在瑟瑟发抖中结束2019年,Social affairs - environment,0,,,,,
12/30/2019,2019,12,30,E,人人正式回归社交市场,Social affairs - economics,1,,,,,
12/30/2019,2019,12,30,E,因航班延误维也纳乐队机场即兴演奏,Social affairs,1,,,,,
12/30/2019,2019,12,30,E,北京首例校门口咸猪手入罪案件,Crime & court,1,,,,,
12/30/2019,2019,12,30,E,3人攀爬巨蟒峰打26枚岩钉,Social scandal,1,,,,,
12/30/2019,2019,12,30,E,两名中国游客在菲律宾溺亡,Diaspora,1,,,,,
12/30/2019,2019,12,30,E,非寄宿制中小学不得设食品小卖部,Social affairs - local policy ,1,,,,,
12/30/2019,2019,12,30,E,外国人回国后太难了,Bizzare,1,,,,,
12/30/2019,2019,12,30,E,外交部劝美国手别伸太长容易闪着腰,International affairs (China-US),1,1,,1,1,
12/30/2019,2019,12,30,E,信阳老人遇阻猝死案宣判,Crime & court,1,,,,,
12/30/2019,2019,12,30,E,烟台下雪,Social affairs - environment,1,,,,,
12/30/2019,2019,12,30,E,2030年中国人期望寿命,Social affairs - trends,1,,,,,
12/30/2019,2019,12,30,E,路灯变身5G基站,Achievements,1,,,,,
12/30/2019,2019,12,30,E,云南检方通报丽江反杀案,Crime & court,1,,,,,
12/31/2019,2019,12,31,M,元旦施行的新规,Government acts,1,,,1,1,
12/31/2019,2019,12,31,M,NASA发现宇宙雪花群,International news (non-China),1,,,,,
12/31/2019,2019,12,31,M,操场埋尸案原校长高喊我错了,Crime & court,1,1,1,,,
12/31/2019,2019,12,31,M,中国游客溺亡涉事船只缺救生设备,Diaspora,0,,1,,,
12/31/2019,2019,12,31,M,东京奥运场馆发现致癌物质,International news (non-China),1,,,,,
12/31/2019,2019,12,31,M,山西晋城一在建隧道塌方,Social affairs - disaster,1,,,,,
12/31/2019,2019,12,31,M,环保少女指责父母是伪君子,International news (non-China),1,,,,,
12/31/2019,2019,12,31,M,研究太极拳治糖尿病获880万经费,Bizzare,1,,,,,
12/31/2019,2019,12,31,M,非寄宿制中小学不得设食品小卖部,Social affairs - local policy ,1,,,,,
12/31/2019,2019,12,31,M,联想副总裁常程离职,Social affairs - celebrity,1,,,,,
12/31/2019,2019,12,31,M,3人攀爬巨蟒峰打26枚岩钉,Social scandal,0,,,,,
12/31/2019,2019,12,31,M,民航总医院就杨文医生被害事件发布通报,Social scandal,0,,1,1,1,
12/31/2019,2019,12,31,M,中俄两国元首互致新年贺电,International affairs (China related),1,,,,,
12/31/2019,2019,12,31,M,德国柏林市中心发生枪击案,International news (non-China),1,,,,,
12/31/2019,2019,12,31,M,人人正式回归社交市场,Social affairs - economics,0,,,,,
12/31/2019,2019,12,31,E,2019年度汉字,Social affairs - trends,1,,,,,
12/31/2019,2019,12,31,E,林郑月娥慰问香港警队,Hong Kong,1,,,,,
12/31/2019,2019,12,31,E,死者家属不认同丽江反杀案撤诉,Crime & court,1,,,,,
12/31/2019,2019,12,31,E,元旦施行的新规,Government acts,0,,,1,1,
12/31/2019,2019,12,31,E,春节假期或有4.5亿人次出游,Social affairs - trends,1,,,,,
12/31/2019,2019,12,31,E,2019全国电影总票房,Social affairs - economics,1,,,,,
