story_date,year,month,day,,headline,forward,comment,likes,topic label
12/31/2019,2019,12,31,2019-12-31 21:03 来自 微博视频 已编辑,#2020年新年贺词#【@ 坚守岗位的你！习主席提到你啦】此时此刻，还有许多人在坚守岗位，许多人在守护平安，许多人在辛勤劳作。大家辛苦了！  L的微博视频 ​​​​,5105,1696,31916,CCP
12/31/2019,2019,12,31,2019-12-31 20:46 来自 微博视频 已编辑,#2020年新年贺词#【2019年，这是习近平最难忘的事，你的呢？】2019年，最难忘的是隆重庆祝新中国成立70周年。我们为共和国70年的辉煌成就喝彩，被爱国主义的硬核力量震撼。#2019你最难忘的事#是什么？L的微博视频 ​​​​,624,310,6869,CCP
12/31/2019,2019,12,31,2019-12-31 20:23 来自 微博视频 已编辑,【#2020年新年贺词#里，习近平点赞了哪些人？】张富清、黄文秀、杜富国、中国女排……许许多多无怨无悔、倾情奉献的无名英雄，他们以普通人的平凡书写了不平凡的人生。转发，致敬！  L的微博视频 ​​​​,1478,447,12565,CCP
12/31/2019,2019,12,31,2019-12-31 19:54  已编辑,#2020年新年贺词#【2020，习主席这样嘱托】让我们只争朝夕，不负韶华，共同迎接2020年的到来。#2020加油#！ ​​​​,3294,977,15201,CCP
12/31/2019,2019,12,31,2019-12-31 19:41 来自 微博云剪,#2020年新年贺词#【习近平：#我们不惧风雨不畏险阻#】历史长河奔腾不息，有风平浪静，也有波涛汹涌。我们不惧风雨，也不畏险阻。中国将坚定不移走和平发展道路，坚定不移维护世界和平、促进共同发展。 L的微博视频 ​​​​,2161,550,9042,CCP
12/31/2019,2019,12,31,2019-12-31 19:35 来自 微博云剪 已编辑,#2020年新年贺词#【致敬！习近平提到这些人和事】一辈子深藏功名、初心不改的张富清，把青春和生命献给脱贫事业的黄文秀，为救火而捐躯的四川木里31名勇士，用自己身体保护战友的杜富国，以十一连胜夺取世界杯冠军的中国女排…许许多多无怨无悔、倾情奉献的无名英雄，他们以普通人的平凡书写了不平凡的 ​​​​...展开全文c,1229,385,6994,CCP
12/31/2019,2019,12,31,2019-12-31 19:29 来自 微博云剪,#2020年新年贺词#【习近平：#真诚希望香港好#】近几个月来，香港局势牵动着大家的心。没有和谐稳定的环境，怎会有安居乐业的家园！真诚希望香港好、香港同胞好。香港繁荣稳定是香港同胞的心愿，也是祖国人民的期盼。 L的微博视频 ​​​​,824,352,6756,CCP
12/31/2019,2019,12,31,2019-12-31 19:27 来自 微博云剪,【转存完整视频！习近平#2020年新年贺词#】大家辛苦了，让我们只争朝夕，不负韶华，共同迎接2020年的到来！祝大家新年快乐！ L的微博视频 ​​​​,14853,2436,25083,CCP
12/31/2019,2019,12,31,2019-12-31 19:21  已编辑,【全文收藏！国家主席习近平发表#2020年新年贺词#】新年前夕，国家主席习近平通过中央广播电视总台和互联网，发表了二○二○年新年贺词。全文如下：,17905,3477,47488,CCP
12/31/2019,2019,12,31,2019-12-31 19:16 来自 微博云剪,#2020年新年贺词# 【这一年，习近平主席去过这些地方】提到你的家乡了吗？ L的微博视频 ​​​​,1142,719,7757,CCP
12/31/2019,2019,12,31,2019-12-31 19:06 来自 微博云剪,【习主席给你送祝福啦！】习近平：2020年就要到了，我在首都北京向大家送上新年的美好祝福！#2020年新年贺词# L的微博视频 ​​​​,2777,1212,11522,CCP
12/31/2019,2019,12,31,2019-12-31 18:44  已编辑,【转走迎接2020！2020#跨年文案#大赛】2020新年倒计时，当零点来临的那一刻，你想发点啥留作纪念？一组文案为你备好↓↓↓抛砖引玉，愿你新一年万事顺遂，平平安安！#2020加油# ​​​​,11422,2444,39458,Leisure
12/31/2019,2019,12,31,2019-12-31 15:49 来自 微博视频,【习近平#近六年新年贺词#，这些话暖心提气！】六年来，国家主席习近平每年都会在年末发表新年贺词，温暖人心、催人奋进，带给我们温暖和力量。新年将至，习主席将于31日晚7时发表#2020年新年贺词#。@ 将进行直播，一起期待！  L的微博视频 ​​​​,4620,1571,19924,CCP
12/31/2019,2019,12,31,2019-12-31 14:48  已编辑,【#客车开进阿布洛哈#！四川这个#三面环山一面临崖的村子通路了#】31日上午，四川凉山州布拖县阿布洛哈村，全国最后一个不通公路的建制村对外通道打通。阿布洛哈座落在金沙江大峡谷深处，在彝语中意为“高山中的深谷”。今后老百姓的出村时间，将由3个多小时缩短到30分钟以内。O网页链接 ​​​​,335,908,8503,Achievements
12/31/2019,2019,12,31,2019-12-31 13:46  已编辑,【#武汉市卫健委关于肺炎疫情的情况通报#：#武汉肺炎未发现明显人传人现象#，初步分析认为#武汉肺炎病例系病毒性肺炎#】近期部分医疗机构发现接诊的多例肺炎病例与华南海鲜城有关联，市卫健委接到报告后，立即在全市医疗卫生机构开展与华南海鲜城有关联的病例搜索和回顾性调查，目前已发现27例病 ​​​​...展开全文c,2774,3375,44083,Social affairs - disaster
12/31/2019,2019,12,31,2019-12-31 11:56  已编辑,【最新消息：#武汉肺炎不能断定是SARS#，此次肺炎病例大部分为华南海鲜城经营户】来自湖北省相关部门的消息称，12月以来，武汉市持续开展流感及相关疾病监测，发现病毒性肺炎病例27例，均诊断为病毒性肺炎/肺部感染。27例病例中，7例病情危重，其余病例病情可控，有2例病情好转拟近期出院。,7172,6259,133787,Social affairs - disaster
12/31/2019,2019,12,31,2019-12-31 11:32 来自 军事 · 视频社区,【#百余名老英雄被邀请回英雄营#：“老首长，让我再向您做一次汇报吧！”】近日，中部战区空军地导某旅“英雄营”成立61周年之际，举行新荣誉室揭牌仪式。百余名老英雄被邀请“回家”。在营区一角“英雄树”前，老兵刘明小声说着什么，眼泪突然流了下来…转发，向老英雄致敬！L央视军事的微博视频 ​​​​,1500,1004,13020,Role model
12/31/2019,2019,12,31,2019-12-31 10:12  已编辑,【中俄两国元首互致新年贺电】2019年12月31日，国家主席习近平和俄罗斯总统普京互致新年贺电。习近平在贺电中代表中国政府和中国人民，向普京总统和俄罗斯人民致以诚挚的祝贺和美好的祝愿。 °中俄两国元首互致新年贺电 ​​​​,627,593,3056,International affairs (China related)
12/31/2019,2019,12,31,2019-12-31 08:59 来自 专业版微博,【#联合国秘书长致辞2020#：青年就是当今世界的希望】当地时间12月29日，联合国秘书长古特雷斯发表2020年新年致辞。他表示，我们带着不确定性和不安全感进入2020年。但是，我们也要看到希望，青年就是当今世界的希望。新的一年，青年的你，准备好了吗？ L的微博视频 ​​​​,1203,518,4608,International affairs (non-China)
12/31/2019,2019,12,31,2019-12-31 07:23 来自 微博视频,#微盘点#【#2019年度记忆盘点#｜这一年的奋斗，时间终将证明】极不平凡的2019，你可能经历过前所未有的考验。挫折面前，你做过什么选择？选择振臂高呼，选择热泪盈眶，选择拥抱机遇…190秒回顾2019的共同记忆↓↓愿你每一个选择都不负期待，下个十年，在等你！转发，收藏！  L的微博视频 ​​​​,14169,2873,33054,Leisure
12/30/2019,2019,12,30,2019-12-30 23:31 来自 微博视频,【#你好，明天#】京张高铁正式开通，174千米的里程，却驶出110年的历史纵深。从当年“人”字型的铁路，到如今轨道上的京津冀，一条路，让中国人懂得“复兴号”的真谛。今天，詹天佑像依然在那，但国家发展的时速早已不同，普通人亦能轻松通过时代的闸机口，一同搭上快车。历史的车轮滚滚，让我们奋勇向 ​​​​...展开全文c,1344,821,4993,Achievements
12/30/2019,2019,12,30,2019-12-30 22:27  已编辑,【#民航总医院就杨文医生被害事件发布通报#】 ​​​​,9421,15777,376172,Social scandal
12/30/2019,2019,12,30,2019-12-30 20:45  已编辑,#微盘点#【#2019年度汉字#评选结果出炉：“华”字当选】经投票，“华”当选2019年度汉字。2019，我们一起见证新中国七十华诞；2019，中国女排11连胜，山东舰交付海军…一个个“华丽”成绩的背后，是无数人的奋斗；2019，国潮兴起，这个国家和青年人越来越尊崇自己的文化。转，为中国加油，明天会更好！ ​​​​,15081,5107,69770,Social affairs - trends
12/30/2019,2019,12,30,2019-12-30 18:15  已编辑,【国家主席习近平将发表2020新年贺词】国家主席习近平将于31日晚7时通过中央广播电视总台和互联网，发表#2020年新年贺词#。@ 将进行直播，请关注！ ​​​​,1227,978,8240,CCP
12/30/2019,2019,12,30,2019-12-30 18:14 来自 微博视频,【#耿爽提醒美方手伸得太长容易闪着腰#】在回应美方对中国打击暴恐行动的抹黑时，耿爽回应：我们奉劝美方还是要管好自己的事情，把注意力放在解决自己长期存在的顽症和痼疾之上，至少确保本国人民享有“免于恐惧的自由”，而不是动辄就伸长手臂去干涉他国内政。我提醒他们一句，手伸得太长，容易闪着腰 ​​​​...展开全文c,705,666,7925,International affairs (China-US)
12/30/2019,2019,12,30,2019-12-30 17:56 来自 军事 · 视频社区,【致敬！#边防官兵手脚并用爬到执勤点位# 】库鲁木都克边防连，位于帕米尔高原，驻地海拔2900米。元旦前夕，战士们进行2019年最后一次巡逻。途径三处冰河、一座达坂、一处峡谷…旁边是悬崖，脚下是厚厚的冰面，当骑马、走路都不能前行时，爬也要爬过去！ 转发！向边防军人致敬！ ​​​​...展开全文c,4478,2982,39545,Role model
12/30/2019,2019,12,30,2019-12-30 17:24  已编辑,#北京检方对孙文斌暴力杀害医生案件审查起诉#【北京检方依法对公安机关移送的孙文斌暴力杀害医生案件进行审查起诉】2019年12月30日，经侦查终结，北京市公安局对犯罪嫌疑人孙文斌在民航总医院内杀害医生杨文案，以涉嫌故意杀人罪移送北京市人民检察院第三分院审查起诉。北京市人民检察院第三分院已依法 ​​​​...展开全文c,915,3307,31830,Crime & court
12/30/2019,2019,12,30,2019-12-30 17:13  已编辑,【#油价2019年最后一调#！明起，加满一箱油多花9元钱】根据国家发改委消息，新一轮成品油调价窗口将于今天（12月30日）24时开启。记者从国家发改委获悉，本次油价调整具体情况如下：汽油每吨上涨235元，柴油每吨上涨230元。全国平均来看：92号汽油每升上涨0.18元；95号汽油每升上涨0.19元；0号柴油每升 ​​​​...展开全文c,382,688,3008,Social affairs - economics
12/30/2019,2019,12,30,2019-12-30 15:47  已编辑,#微盘点#【社评选#2019国际十大新闻#】①史上首张黑洞照片公布；②多国连续发生恐袭事件；③四大主场外交连续发力，展现中国维护多边主义大国担当；④美国加大对伊“极限施压”力度，多国努力维护伊核协议；⑤中国推动政治解决半岛问题，各方围绕半岛互动频繁… ​​​​...展开全文c,1127,491,3525,International news (China related)
12/30/2019,2019,12,30,2019-12-30 12:44  已编辑,【#重庆一居民楼火灾致6死#】据@涪陵微博 ，2019年12月30日6时40分许，重庆涪陵区马鞍街道踏水桥小区一居民楼12-1发生火灾。涪陵消防救援支队指挥中心接警后，立即调派救援队伍赶赴现场处置，7时55分明火扑灭。事故造成6人死亡，具体火灾原因正在调查之中。 ​​​​,391,1139,8301,Social affairs - disaster
12/30/2019,2019,12,30,2019-12-30 12:44  已编辑,【#重庆一居民楼火灾致6死#】据@涪陵微博 ，2019年12月30日6时40分许，重庆涪陵区马鞍街道踏水桥小区一居民楼12-1发生火灾。涪陵消防救援支队指挥中心接警后，立即调派救援队伍赶赴现场处置，7时55分明火扑灭。事故造成6人死亡，具体火灾原因正在调查之中。 ​​​​,391,1139,8301,Social affairs - disaster
12/30/2019,2019,12,30,2019-12-30 11:48  已编辑,【兵马俑一号坑最新发掘成果：#秦陵考古中首次发现秦盾遗迹#，#一种新兵马俑被发现#】近日，秦始皇帝陵博物院公布最新成果：在原有兵马俑的基础上，新发现下下级军吏俑，为俑坑军阵的排列提供了新的依据和方法。同时，在秦陵考古中首次发现秦盾遗迹，弥足珍贵。L陕视新闻的微博视频 ​​​​,520,354,2821,Achievements
12/30/2019,2019,12,30,2019-12-30 11:11 来自 专业版微博,一动不动！#京张高铁立硬币首测#，一起围观↓↓#京张高铁今日开通运营# L的微博视频 ​​​​,1062,1480,15138,Leisure
12/30/2019,2019,12,30,2019-12-30 10:37 来自 微博原生直播,【正在直播：#旅美大熊猫贝贝正式与公众见面#，一起围观】11月20日，旅美大熊猫“贝贝”回到中国大熊猫保护研究中心雅安碧峰峡基地。今天，结束隔离期的“贝贝”会住进志愿者为它装扮的新家，与公众正式见面。@ 联动@红星新闻 ，一起看“贝贝”新生活↓↓ O的微博直播 . ​​​​,406,359,8425,Leisure
12/30/2019,2019,12,30,2019-12-30 09:56 来自 专业版微博,Tim,1421,1044,5120,Government acts
12/30/2019,2019,12,30,2019-12-30 08:10 来自 微博原生直播,【#人民直播#：#京张高铁正式开通运营#！】12月30日，京张高铁正式开通运营，崇礼铁路同步建成投产，将助力京津冀一体化协同发展，为2022年北京冬奥会提供交通运营服务保障。@ 带你现场直击↓↓一起期待！ O的微博直播 . ​​​​,1178,1037,15221,Achievements
12/30/2019,2019,12,30,2019-12-30 07:21 来自 专业版微博,【#京张高铁今日开通运营#！你想去看看吗？】110年前，中国首条自行设计和建造的铁路，京张铁路落成；110年后，在同样的地方，#世界首条智能高铁京张高铁正式运行#。中国速度，一直在路上。2019年底，中国高铁里程将突破3.5万公里，全世界超过2/3的高铁轨道铺设在中国。为你骄傲，中国高铁！  ​​​​...展开全文c,2731,939,6021,Achievements
12/29/2019,2019,12,29,2019-12-29 23:06 来自 微博视频,【红了眼眶！#新消防员强忍泪水与家人分别#】近日，@上海消防 新入职消防员报到第一天，刚换上新蓝制服的他红着眼睛和自己的一对儿女告别。孩子，你们的爸爸很勇敢！@中国消防  L的微博视频 ​​​​,1178,1638,20347,Role model
12/29/2019,2019,12,29,2019-12-29 18:12  已编辑,【辟谣！全国政协委员凌峰：#杀医者家属自行转院没有免费医疗#】针对网上所传的“杀害杨文医生的凶手母亲，已被转到朝阳医院重症监护室，并接受免费医疗”等消息，长期关注医患关系的全国政协委员、著名神经外科专家凌峰，今天实地走访了杀医凶手母亲所转入的北京朝阳医院，并从医院官方获得消息：家属 ​​​​...展开全文c,2888,3728,3830,Social scandal
12/28/2019,2019,12,28,2019-12-28 18:25  已编辑,#收容教育制度废止#【全国人大常委会通过废止有关收容教育法律规定和制度的决定】12月28日，十三届全国人大常委会第十五次会议通过了《全国人民代表大会常务委员会关于废止有关收容教育法律规定和制度的决定》，自2019年12月29日起施行。#收容教育制度不再实施#。该决定废止了《全国人民代表大会常务委 ​​​​...展开全文c,1429,1016,7198,Government acts
12/28/2019,2019,12,28,2019-12-28 17:35  已编辑,【官宣！#京张高铁开通时间#定了！#28日18时开售京张高铁车票#】据@中国铁路 ：定了！12月30日，北京至张家口高速铁路开通运营，崇礼铁路同步建成投产。铁路部门将于28日18时开始发售京张高铁、崇礼铁路动车组列车车票。具体车次、时刻可查询铁路12306网站、微信、客户端。转给要回家的小伙伴！ ​​​​,972,1337,5967,Social affairs
12/28/2019,2019,12,28,2019-12-28 13:28 来自 微博视频,#微盘点#【即将过去的2019，我们见证了这些精彩“20”】澳门回归祖国20周年，神舟一号成功发射20周年，西部大开发20年…20项飞跃、20次挑战、20秒超越、20公里坚守。2020，我们共同创造！  L的微博视频 ​​​​,3492,1383,10063,Leisure
12/28/2019,2019,12,28,2019-12-28 12:50  已编辑,【#国家卫健委再回应暴力伤医事件#：不是所谓医疗纠纷，是非常严重的刑事犯罪】28日上午举行的全国人大常委会办公厅新闻发布会上，国家卫健委法规司司长赵宁回答记者提问时表示，对最近发生的北京民航总医院暴力伤医事件，非常痛心，非常愤怒，对任何形式的伤医事件零容忍。详️️↓  ​​​​...展开全文c,1773,2526,21953,Government acts
12/28/2019,2019,12,28,2019-12-28 11:48  已编辑,【#禁止任何人威胁医护人员人身安全#！】基本医疗卫生与健康促进法28日经全国人大常委会表决通过，将于2020年6月1日实施，明确规定禁止任何人威胁、危害医护人员人身安全。转发，#支持立法保护医护人员安全#！ ​​​​,191690,51005,1138147,Government acts
12/27/2019,2019,12,27,2019-12-27 21:26  已编辑,【#长征五号遥三火箭发射成功# 转起祝贺】12月27日20时45分，长征五号遥三运载火箭在中国文昌航天发射场点火升空，2000多秒后将实践二十号卫星送入预定轨道，发射飞行试验取得圆满成功。祝贺#胖五发射成功#！ ​​​​,3854,1562,17406,Achievements
12/27/2019,2019,12,27,2019-12-27 21:02  已编辑,#民航总医院内行凶犯罪嫌疑人被批准逮捕#【北京检方经依法审查对在民航总医院内行凶的犯罪嫌疑人孙文斌批准逮捕】2019年12月27日，北京市人民检察院第三分院经依法审查，对在北京市朝阳区民航总医院急诊科抢救室内行凶的犯罪嫌疑人孙文斌，以涉嫌故意杀人罪批准逮捕。O北京检方经依法审查对在民航总医院内行凶的犯... ​​​​,8587,8908,136038,Crime & court
12/27/2019,2019,12,27,2019-12-27 17:03  已编辑,【哈萨克斯坦副总理：#哈坠机事故原因系操作失误和技术故障#】据俄塔社，哈萨克斯坦副总理罗曼·斯克勒在27日召开的一场新闻发布会上宣布，哈萨克斯坦贝克航空公司一架载有100人飞机于当天凌晨在阿拉法特附近坠毁的初步原因是飞行员操作失误和发生技术故障。#哈萨克斯坦一载有100人飞机坠毁#  ​​​​...展开全文c,506,1519,18709,International news (non-China)
12/27/2019,2019,12,27,2019-12-27 14:31 来自 微博视频,【祝贺！#C919最后一架试飞飞机完成首飞#】27日，C919大型客机106架机从浦东机场第四跑道起飞，经2小时5分钟飞行，在完成30个试验点后返航，平稳降落浦东机场，顺利完成首飞。至此，#6架C919试飞飞机全部投入试飞工作#，项目正式进入“6机4地”大强度试飞阶段。（余建斌、沈文敏）   ​​​​...展开全文c,1706,909,7437,Achievements
12/27/2019,2019,12,27,2019-12-27 12:44 来自 军事 · 视频社区,【#2019中国军事大场面#，每一幕都震撼！】这一年，国庆70周年大阅兵气势如虹、震撼人心；这一年，人民海军和人民空军先后迎来70周年，海上阅舰、空中列队；这一年，直-20、东风-17等亮相，山东舰入列…难忘瞬间↓↓#家在中国#，每看一遍，便对祖国更深爱一分！L央视军事的微博视频 ​​​​,1995,824,6769,Achievements
12/27/2019,2019,12,27,2019-12-27 11:35  已编辑,【#哈萨克斯坦一载有100人飞机坠毁#，已致7死，有幸存者】据央视，哈萨克斯坦工业和基础设施发展部：当地时间今天上午，一架客机在哈萨克斯坦阿拉木图机场附近地区坠机，初步估计有7人死亡。事故发生时，机上有100人。据悉，这架客机隶属于BEK AIR航空公司，从阿拉木图机场起飞后从雷达上消失。俄媒报 ​​​​...展开全文c,284,464,1986,International news (non-China)
12/27/2019,2019,12,27,2019-12-27 11:13  已编辑,【一架#载约100人客机在阿拉木图坠毁#】据新华社，外电27日报道，一架载有大约100人的客机在哈萨克斯坦阿拉木图附近坠毁，目前伤亡情况不详。 ​​​​,229,552,1724,International news (non-China)
12/27/2019,2019,12,27,2019-12-27 10:51 来自 正能量 · 视频社区,【被这个笑容暖化！兵哥哥贴心准备“小惊喜”，萌娃向兵哥哥敬礼】近日，武警永州支队新训大队新兵百公里野营拉练途中，官兵们在一小学借宿。天还没亮，官兵们早早起来将校园打扫干净，还为小朋友们准备了牛奶。小朋友们开心得手舞足蹈，其中一个#萌娃向兵哥哥敬礼笑容暖化#！L新华网的微博视频 ​​​​,1009,783,8738,Role model
12/27/2019,2019,12,27,2019-12-27 09:48  已编辑,【向责任感致敬！#老师上课点名发现异常救一家5口#】24日，云南镇雄，一小学早读时间，班主任发现一向准时的一名学生未到，其一年级的弟弟也未到校，老师立即开车到学生家，发现一家6口已昏迷，疑似煤气中毒。目前6岁的弟弟确认死亡，其他5人正在治疗中。L一手video的秒拍视频 #老师上课点名救一家5口# ​​​​,805,1052,10761,Bizzare
12/27/2019,2019,12,27,2019-12-27 08:39 来自 新媒体聚合平台 已编辑,【太接地气！山东一#80后博士副县长直播卖扒鸡#】12月25日，山东济南商河县副县长王帅发布短视频，卖该县土特产“商河皇家扒鸡”。王帅是个80后，博士学历，视频中，他模仿李佳琦“魔性”带货，金句频出。据报道，视频发布后，2天卖出一千多只扒鸡。感受一下↓L大众日报的微博视频 ​​​​,1562,2458,21578,Bizzare
12/27/2019,2019,12,27,2019-12-27 08:10 来自 新媒体聚合平台,【新一批22家“准5A级”景区，你打卡了吗】北京圆明园、内蒙阿拉善胡杨林、江西武功山、山东东营黄河口……近日，文旅部网站公示了新一批22家拟确定为国家5A级旅游景区的名单。心动不如行动，#2020出游计划#赶紧制定起来吧！#22个2020值得打卡的旅游地#，戳图了解↓↓转给小伙伴，一起去看看！ ​​​​,3322,1112,3837,Leisure
12/27/2019,2019,12,27,2019-12-27 07:39 来自 正能量 · 视频社区,#微盘点#【高燃！90秒盘点#2019中国的世界冠军#】中国跳水“梦之队”世锦赛狂揽12金；中国女排十一连胜卫冕世界杯冠军；徐灿高呼“我为祖国而战”一年三次夺得世界拳王；樊振东拿下乒乓世界杯男单冠军成就三冠王…2019年哪个夺金瞬间最让你难忘？戳视频↓↓致敬每一位拼搏的中国运动员！   ​​​​...展开全文c,14002,5829,89709,Achievements
12/26/2019,2019,12,26,2019-12-26 20:05 来自 微博视频 已编辑,【又上新了！#故宫推金榜题名互动体验#】日前，故宫打造的“金榜题名”互动式展览正在北京举行。通过十个原创互动装置、500平米全覆盖式实景的还原，游客可以体验三位主人公参加童试、乡试、会试、殿试直至传胪大典的全过程，亲自入号舍、抓作弊、搜身、应试，还可以参与祈愿墙、动画拜孔等多种互动活 ​​​​...展开全文c,888,460,4207,Leisure
12/26/2019,2019,12,26,2019-12-26 19:41  已编辑,【#中药协致歉决定撤销对鸿茅药酒等药企表彰#】12月26日，针对此前发生的《中国中药企业社会责任报告》发布引发相关舆情事件，中国中药协会正式发布致歉函，决定撤销本次表彰，纠正错误，规范管理。#鸿茅药酒表彰被撤销# ​​​​,2153,2068,13234,Social affairs - consumer rights
12/26/2019,2019,12,26,2019-12-26 16:03 来自 新媒体聚合平台,#微盘点#【#2019外交部硬核表态双语图集#】回应国内问题摆事实讲道理，回答外部质疑理直气壮，回击挑衅言论不卑不亢……铿锵有力、霸气沉稳而又幽默犀利，这就是不卑不亢的大国气度！2019年，中国外交不畏风雨、坚定前行！ ​​​​,2689,673,10456,International affairs (China related)
12/26/2019,2019,12,26,2019-12-26 14:25 来自 军事 · 视频社区,【#小伙300天减重100斤实现当兵梦#】小时候，当兵的姨夫送给林星竹一件海魂衫，从此林星竹心里种下了当兵的种子。257斤的他决心减肥，300多天的努力，他成功减重100斤，大四毕业后参军入伍，实现了自己的愿望！网友：梦想会给人力量！L央视军事的微博视频 ​​​​,421,404,4109,Leisure
12/26/2019,2019,12,26,2019-12-26 13:38 来自 微博原生直播 已编辑,【来了！直击多地“金环日食”奇观】2019年年度最后一场天文大戏今日如期上演。中东、东南亚、西太平洋多地可观日环食，我国全境可观测#日偏食#。#北京日偏食#过程将从12时53分开始，食甚（太阳被月亮遮去最多的时刻）13时47分开始。带你一起看↓ O的微博直播 . ​​​​,1861,3039,60890,Social affairs - environment
12/26/2019,2019,12,26,2019-12-26 13:21 来自 新媒体聚合平台,【微博#日偏食摄影大赛#上演，你看到#日偏食#了吗】今天，我国全境可观测到日偏食奇观。你看到了吗？先别急！本次偏食10时56分左右月亮半影进入我国西藏阿里地区，而后月亮半影向东北上扫过中国全境，15时37分后月亮半影由海南省离开我国。没看到的戳图感受一下↓（图源见水印） ​​​​,1247,974,4097,Social affairs - environment
12/26/2019,2019,12,26,2019-12-26 10:51  已编辑,【教科书式自救！#女孩遇险机智给家族群发定位获救#】近日，苏州警方接到市民报警称，其外甥女小曹坐网约车发来定位求救。民警迅速进行合围，同时不断拨打小曹电话劝说司机王某，最后成功解救了小曹。小曹：“他拿着刀要我把手机给他，我假装没有反应过来，在家里的群发了个定位。”目前王某因涉嫌抢劫 ​​​​...展开全文c,925,1243,41054,Civic education
12/26/2019,2019,12,26,2019-12-26 10:12 来自 微博视频,【这一幕，太感动！#消防员用身体挡住落石#】近日，辽宁建平一处塌方现场，面对不断掉落的碎石，消防员一边用身体保护被困的工人，一边徒手挖开泥土。经过2个多小时的奋战，从死神手里将被困人员救出。@辽宁朝阳消防  L的微博视频 ​​​​,2548,2403,43690,Role model
12/26/2019,2019,12,26,2019-12-26 08:43 来自 新媒体聚合平台,【“金环日食”奇观将上演，#今日我国全境可观日偏食#！】今天天宇将上演壮观的日环食天象。本次日环食发生期间，我国全境可观测到日偏食奇观，且越往南食分（月亮遮住太阳直径的比例）越大，我国可见日食历时4个多小时。届时，太阳缺了一个角，好似被传说中的天狗咬掉。O网页链接 ​​​​,2749,1817,7342,Social affairs - environment
12/26/2019,2019,12,26,2019-12-26 07:21 来自 微博视频,【今天，纪念一代伟人毛泽东】他领导中国人民彻底改变自己命运和国家面貌，自己却有6位亲人为革命牺牲。70年前，他在天安门城楼上向世界庄严宣告；70年后，中华民族已阔步走在复兴新征程上。今天，#毛主席诞辰126周年#。转发，缅怀！  L的微博视频 ​​​​,66163,16197,234776,Role model
12/25/2019,2019,12,25,2019-12-25 14:43 来自 正能量 · 视频社区,【#小伙在父亲病床前办婚礼#，了却父亲心愿】父亲患肝硬化情况不乐观，为了却父亲心愿，安徽池州小伙刘咏昭获得医院许可后，24日在重症室父亲病床前，举办了一场特殊的婚礼，感动了现场很多医护人员。“感谢女友的理解，希望父亲能有所好转。”刘咏昭说，以后会补办一场正式的婚礼。 ​​​​...展开全文c,520,819,15647,Bizzare
12/25/2019,2019,12,25,2019-12-25 13:08  已编辑,【警方通报#坠楼砸死两名路人男子系自杀#】@平安沙坪坝 通报：12月24日20时20分许，一男子从沙坪坝区三峡广场一公寓楼高坠，砸到两名行人，三人经120抢救无效死亡。警方初步查明系李某（男、31岁、湖北武汉人）跳楼自杀所致，排除刑事案件。#重庆一男子坠楼砸死两名路人# ​​​​,2555,3096,54503,Bizzare
12/25/2019,2019,12,25,2019-12-25 11:11 来自 微博视频,【没穿披风的超人！#越野车扎进池塘辅警砸窗连救5人#】23日晚，浙江金华辅警傅进华正在家吃饭，突然屋外传来几声巨响，原来一辆越野车一头扎进附近池塘，车内的人正拍打车窗求救。老傅拿起铁锤砸破车窗，并不顾寒冷跳入水中，在村民帮助下接连救出5人。老傅事后回忆，“想想都害怕，但不后悔”。   ​​​​...展开全文c,619,593,8946,Role model
12/25/2019,2019,12,25,2019-12-25 08:24 来自 新媒体聚合平台,【#除夕火车票明日开售#！收好抢票攻略】明天（26日），2020除夕火车票正式开售，抢票大战也进入白热化阶段！车票“秒光”？试试“候补购票服务”功能，或者记住这些退票高峰时段，“捡漏”成功率很高；需要注意，不同的火车站火车票起售时间并不相同。收好抢票时间表+电子客票使用指南↓转存，有用！ ​​​​,2216,1329,4747,Social affairs
12/24/2019,2019,12,24,2019-12-24 08:21 来自 微博视频,【#王毅回顾2019#：中国已当之无愧成为维护世界和平稳定的中流砥柱】2019年，对中国和世界而言，都极不平凡。23日，国务委员兼外交部长王毅接受本报记者采访。这一年的国际形势和外交工作该如何看待？怎么看待中美关系面临的挑战？对明年的外交工作有何展望？详戳↓↓↓  L的微博视频 ​​​​,1723,692,7585,International affairs (China-US)
12/23/2019,2019,12,23,2019-12-23 22:50  已编辑,【10位#7旬学生为98岁班主任庆生# 老师激动得热泪盈眶】12月23日，陕西西安，10位年过七旬的学生为98岁的班主任赵立庆祝生日，老人热泪盈眶。学生们介绍，赵老师教历史，毕业于浙江大学，参加抗美援朝战争负伤，子弹至今还留在腿中。赵老师只能坐着给他们上课，讲得特别生动。L一手video的秒拍视频 ​​​​,1389,910,18551,Bizzare
12/23/2019,2019,12,23,2019-12-23 19:33 来自 正能量 · 视频社区,【#江西39岁医生查房后突发胸痛离世# 妻子还有3个月身孕】18日，江西上高县人民医院医生石君，在为30多名患者查房后，突发胸痛被送进抢救室，于12月20日不幸离世。让人心酸的是，目前他妻子正怀有3个月身孕。石君生前一直在多个公益组织担任医疗志愿者。转发送别，一路走好。L今视频video的微博视频 ​​​​,1616,2484,21885,Bizzare
12/23/2019,2019,12,23,2019-12-23 08:02  已编辑,#北京的云#【#北京火箭云#今晨再现，专家解释：飞行器尾迹可能性大】12月23日清晨，北京上空再现“火箭云”，像是一条绚丽的彩带在天空延伸。气象专家分析称，可能是飞机、火箭之类的飞行器尾迹造成的。L沸点视频的秒拍视频 ​​​​,1168,859,6562,Social affairs - environment
12/22/2019,2019,12,22,2019-12-22 23:06 来自 微博视频,【视觉盛宴！#16万发烟花点亮澳珠上空#】今晚，“庆祝澳门回归祖国20周年澳珠烟花汇演”在澳门、珠海两地联合进行。16万发烟花点亮澳珠上空，600架无人机、56艘无人船变幻各种图案，为两地市民呈现了一场感官盛宴。视频回顾↓↓祝福澳门，明天会更好！#澳门回归20周年#（羊城晚报、视频素材/新华社、央 ​​​​...展开全文c,1890,1120,12793,Patriotic acts/festivals
12/22/2019,2019,12,22,2019-12-22 22:00  已编辑,【#人民锐评#｜澳门成功密码：背靠祖国才能在桌子上唱大戏】对于香港、澳门而言，祖国是遮风挡雨的屏障：在自然灾害、经济危机乃至社会动荡的风浪面前，抗风险能力有限的小小扁舟只有与祖国巨轮连为一体，才能踏浪远航；对于香港、澳门而言，祖国是发展的最大舞台：除了提供电力、水源、食品等发展的基 ​​​​...展开全文c,516,422,2800,Patriotic acts/festivals
12/22/2019,2019,12,22,2019-12-22 20:18  已编辑,【全文来了！中共中央国务院关于营造更好发展环境支持民营企业改革发展的意见】#立足于民营企业改革发展的首个中央文件#出台，全文↓↓收藏，学习！ °中共中央 国务院关于营造更好发展环境支持民... ​​​​,1216,467,2389,Social affairs - economics
12/22/2019,2019,12,22,2019-12-22 15:25 来自 微博视频,【车辆坠入1.5米雪坑，#救援队员零下30度跪地刨雪#，画面令人心疼！】21日傍晚，内蒙古呼伦贝尔一草原有车辆陷入1.5米深的雪坑中。当时天已黑，找到被困车辆后，救援队员在接近零下30度的气温下跪在地上刨雪坑，画面令人心疼！经40分钟的紧急施救，被困车辆终于成功脱险。（张枨）   ​​​​...展开全文c,497,489,5797,Role model
12/22/2019,2019,12,22,2019-12-22 13:56 来自 微博视频,【感动！全班一起跳#我的中国心手势舞#是什么体验？】我的中国心手势舞刷屏了，你学会了吗？网友们脑洞大开，玩起了双人版、多人版，还有小学生全班合唱版。一起挑战的还有大学生、消防员、公安民警…今年，我们用这种特别的方式祝福澳门，传递#我的中国心#！#澳门回归20周年#  L的微博视频 ​​​​,793,330,3580,Leisure
12/22/2019,2019,12,22,2019-12-22 12:25 来自 微博视频,【超萌三维场景动画！#蛋小挞濠仔带你看澳门20年#】“我的家在澳门，2005年澳门被列入世界文化遗产名录啦，2011年我和爸爸妈妈第一次见熊猫……”一起看这份“濠仔家庭相册”，都记录了哪些精彩澳门故事↓↓#澳门回归20周年#  L的微博视频 ​​​​,596,374,3238,Leisure
12/22/2019,2019,12,22,2019-12-22 11:17 来自 微博视频,【#我的中国心#手势舞挑战，学会了吗？一起来打卡！】#澳门回归20周年#，和张艺兴@努力努力再努力x 一起，加入#我的中国心手势舞#挑战！带话题#我的中国心#上传视频，或参与微博故事挑战，让这段手势舞刷屏↓接力祝福澳门，祝福祖国！f#我的中国心#  L的微博视频 ​​​​,1034082,6828,96990,Leisure
12/21/2019,2019,12,21,2019-12-21 14:06  已编辑,【愿平安！#吉林通化客车坠落致4死#多人受伤】21日，一辆大客车在通化市东昌区206医院附近发生交通事故，车辆发生侧滑坠落江边，部分车体落水。车辆核载39人，实载39人。目前受困人员已全部救出，并送往医院救治，4人经抢救无效死亡。伤员救治等工作正在进行。#吉林通化载39人客车坠落江边#（新华社） ​​​​...展开全文c,428,814,2585,Social affairs - disaster
12/20/2019,2019,12,20,2019-12-20 19:42 来自 新媒体聚合平台,#故宫年客流量1900万破纪录#，已是世界上最聚人气儿的博物馆。送你网友推荐#故宫最佳游览线路#↓留着周末去看看？转需不谢~（@城市不麋鹿_陆叔 ）L北京发布的微博视频 ​​​​,4476,814,7672,Leisure
12/20/2019,2019,12,20,2019-12-20 19:21 来自 微博视频,#我的中国心# 【就等你来！手势舞挑战了解一下】#澳门回归20周年#，跟@李一桐Q 一起，参加#我的中国心手势舞#挑战！并不复杂的动作，表达同一个心声：无论何时，无论何地，不变的，是我们永恒的中国心。带话题#我的中国心#，参与微博故事挑战，表达对澳门的祝福，对祖国的爱！  ​​​​...展开全文c,9508,478,6724,Leisure
12/20/2019,2019,12,20,2019-12-20 10:12 来自 微博云剪 已编辑,【现场视频！#贺一诚宣誓#】20日上午，由国家主席习近平监誓，澳门特别行政区第五任行政长官贺一诚宣誓就职。 L的微博视频 ​​​​,1052,628,9022,Government acts
12/20/2019,2019,12,20,2019-12-20 10:06 来自 微博云剪 已编辑,【庆祝#澳门回归祖国20周年大会#，全场高唱国歌】庆祝澳门回归祖国20周年大会正在举行，全场高唱国歌。转发微博，在你的昵称后点亮国旗区旗icon！祝福澳门，加油中国！ #我的中国心#L的微博视频 ​​​​,3503,900,6207,Patriotic acts/festivals
12/20/2019,2019,12,20,2019-12-20 10:01 来自 微博视频,【祝福澳门、表白祖国！#我的中国心手势舞#挑战等你一起来！】并不复杂的动作，希望能表达我们的心声：无论何时，无论何地，不变的，是我们永恒的中国心。敢不敢一起来挑战？带#我的中国心#话题，参与微博故事挑战，让这段手势舞刷屏！#澳门回归20周年#  L的微博视频 ​​​​,1406,756,13047,Patriotic acts/festivals
12/20/2019,2019,12,20,2019-12-20 09:53 来自 微博原生直播,【正在直播！庆祝#澳门回归祖国20周年大会#今天举行】庆祝澳门回归祖国20周年大会暨澳门特别行政区第五届政府就职典礼今天举行，国家主席习近平出席。@ 正在直播↓↓转发还能点亮国旗区旗icon！一起来看！#我的中国心# O的微博直播 . ​​​​,4716,1280,44513,Patriotic acts/festivals
12/20/2019,2019,12,20,2019-12-20 09:20 来自 新媒体聚合平台 已编辑,#我的中国心#【那一年，#我的澳门回归记忆#】“我是那天出生的，因为澳门回归仪式，名叫澳仪”“驻澳部队从拱北口岸驶入澳门，我就在路旁献花”“当时我还是个小孩，不懂爸爸为什么哭了”“《七子之歌》一听就会流泪，一开口就是泣音”…#澳门回归20周年#，网友关于1999年12月20日的回忆↓一起说说你的 ​​​​...展开全文c,1456,609,3286,Patriotic acts/festivals
12/20/2019,2019,12,20,2019-12-20 08:45 来自 微博视频,【#澳门金莲花广场升旗仪式#，转发微博，一起升旗！】为庆祝澳门特别行政区成立20周年，今早8点，澳门特区政府在金莲花广场举行升旗仪式。转发微博，你的昵称后也将点亮国旗区旗icon！今天，祝福澳门，祝福中国！#我的中国心#  L的微博视频 ​​​​,21625,3812,34797,Patriotic acts/festivals
12/20/2019,2019,12,20,2019-12-20 08:16 来自 音乐综合 · 视频社区,【一念廿年！一段视频，感受#镜头里的澳门20年#】从1999到2019，一个生机勃勃的澳门以崭新姿态屹立在南海之滨。30多平方公里土地上，上演了数百年来最辉煌的巨变。今天，#澳门回归20周年#，跟随这段视频，感受日新月异的濠江故事↓↓转发祝福，澳门，正青春！  L的微博视频 ​​​​,4028,1182,18446,Patriotic acts/festivals
12/20/2019,2019,12,20,2019-12-20 07:00 来自 新媒体聚合平台,【今天，#澳门回归20周年#，转发说声“澳门你好”！】20载岁月为证，见证“一国两制”成功实践；20载情系濠江，体会“爱国爱澳”血浓于水。“澳门好，祖国好；祖国好，澳门会更好。”五星红旗与澳门特区区旗始终在金莲花广场高高飘扬。这一刻，转发祝福，为澳门，为#我的中国心#！ ​​​​,8376,2311,12622,Patriotic acts/festivals
12/20/2019,2019,12,20,2019-12-20 00:00  已编辑,【此刻，转发微博，祝福澳门】20年前的今天，0点0分，五星红旗和澳门特别行政区区旗在澳门升起。漂泊在外的游子，回家了！转发这条微博，传递#我的中国心#，就能点亮国旗区旗icon。转发祝福，澳门的明天会更好！#澳门回归20周年# ​​​​,36459,7703,56813,Patriotic acts/festivals
12/19/2019,2019,12,19,2019-12-19 20:40 来自 微博云剪,#跨越20年的七子之歌#，无论什么时候旋律响起，心中都是满满的感动。祝福澳门，明天会更好！#庆祝澳门回归祖国20周年文艺晚会# L的微博视频 ​​​​,2592,1168,20389,Patriotic acts/festivals
12/19/2019,2019,12,19,2019-12-19 20:16 来自 校园 · 视频社区,【今天，习近平来到澳门濠江中学附属英才学校】19日，习近平来到濠江中学附属英才学校。濠江中学创建于1932年，是澳门学生人数最多的基础教育学校，建校以来始终坚持爱国主义教育，培养了大量优秀爱国爱澳人才。,1658,1262,15212,CCP
12/19/2019,2019,12,19,2019-12-19 18:02 来自 新媒体聚合平台,【画面太美！#山东舰海上转圈圈#】“爱的魔力转圈圈…”在蔚蓝的大海上，我国第一艘国产航空母舰#山东舰海上画出美丽圆形航迹#↓你被圈粉了吗，骄傲转发！L央视军事的微博视频 ​​​​,1542,932,11026,Achievements
12/19/2019,2019,12,19,2019-12-19 17:25 来自 新媒体聚合平台,【#八旬夫妻河中遇险消防员公主抱救回#】16日，苏州京杭大运河上，一条小渔船被浪打翻，两位八旬老人被困河中。吴中消防救援大队二班班长魏永成顾不得河水冰冷刺骨，下水救援。他先将老太太抱回岸边，又折返回去救回老大爷。目前，经医院检查，两位老人并无大碍。致敬消防员！LSBS暖视频的秒拍视频 ​​​​,429,462,7986,Role model
12/19/2019,2019,12,19,2019-12-19 09:31  已编辑,【投票通过！#美众议院决定弹劾特朗普#】新华社快讯：美国国会众议院18日表决通过第一项针对总统特朗普的弹劾条款，正式指控他滥用职权。特朗普成为美国历史上第三位遭众议院弹劾的总统。#美众议院通过针对特朗普弹劾条款# ​​​​,951,1394,13924,International news (non-China)
12/19/2019,2019,12,19,2019-12-19 07:33 来自 军事 · 视频社区,#微盘点#【骄傲转发！#2019大国重器名场面#来了】17日，我国第一艘国产航母山东舰交付海军，中国正式进入双航母时代。2019年，嫦娥四号登月、大兴机场启用、京张高铁贯通、还有东风-41核导弹在国庆大阅兵时的首次亮相……这些大国重器，彰显中国底气。戳视频↓↓你最中意哪个？  L的微博视频 ​​​​,11237,3365,33469,Achievements
12/18/2019,2019,12,18,2019-12-18 20:18  已编辑,【#当女孩谈论事业#，她们真正在谈论什么？】《2019中国女性职场现状调查报告》显示，70后至95后的女性中，都有超过95%觉得女性该拥有自己的事业。找到生活中真正追求的目标，就是找到了自己为之奋斗一生的事业。当女孩谈论事业，是在谈论更广阔的未来。#朱婷说排球选择了我#L新世相的秒拍视频 ​​​​,2262,1316,16634,Social affairs - trends
12/18/2019,2019,12,18,2019-12-18 17:13 来自 微博云剪,#澳门回归20周年#【现场视频！习主席在机场对媒体发表讲话】 L的微博视频 ​​​​,1370,720,12072,CCP
12/18/2019,2019,12,18,2019-12-18 16:46 来自 微博云剪,#澳门回归20周年#【视频来了！习主席乘专机抵达澳门】中共中央总书记、国家主席、中央军委主席习近平18日下午乘专机抵达澳门，出席将于20日举行的庆祝澳门回归祖国20周年大会暨澳门特别行政区第五届政府就职典礼，并视察澳门特别行政区。 L的微博视频 ​​​​,1597,1291,22022,CCP
12/18/2019,2019,12,18,2019-12-18 16:09 来自 微博原生直播,【#人民直播#：习主席来澳门了！】中共中央总书记、国家主席、中央军委主席习近平18日下午乘专机抵达澳门，出席将于20日举行的庆祝澳门回归祖国20周年大会暨澳门特别行政区第五届政府就职典礼，并视察澳门特别行政区。 O的微博直播 . ​​​​,2008,901,71664,CCP
12/18/2019,2019,12,18,2019-12-18 15:40 来自 军事 · 视频社区,#澳门回归20周年#【光辉岁月！#驻澳门部队进驻之初珍贵训练画面#】澳门寸土寸金，进驻之初，驻澳门部队官兵只能“蜗居”在龙城大厦，办公、居住、训练都在楼里。官兵们爬楼梯、绕楼跑，自创训练方法，在狭窄的楼道里练体能！后来搬进驻军大厦，这份坚持训练的传统一直保留了下来。L央视军事的微博视频 ​​​​,796,460,5856,Patriotic acts/festivals
12/18/2019,2019,12,18,2019-12-18 13:46 来自 微博视频,【专访贺一诚：#澳门应该有个爱国教育基地#】澳门有77所学校，都是以爱国爱澳教材做基础，每个学校都有升国旗。贺一诚表示，澳门应该有一个爱国教育基地，培养学生们的爱国情操。谈及未来，“不变是我们现在稳定的局势，爱国爱澳的传统，对国家的情怀。”澳门回归20周年，传递#我的中国心#！   ​​​​...展开全文c,951,844,11433,Patriotic acts/festivals
12/18/2019,2019,12,18,2019-12-18 13:01  已编辑,【#湖南操场埋尸案一审宣判#：杜少平，死刑！】2019年12月17日至18日，湖南省怀化市中级人民法院一审对被告人杜少平等人故意杀人案及其恶势力犯罪集团案件进行公开审理并当庭宣判。被告人杜少平犯故意杀人等罪，数罪并罚，决定执行死刑，剥夺政治权利终身。,2536,2464,19473,Crime & court
12/18/2019,2019,12,18,2019-12-18 11:09 已编辑,#微盘点#【转发辟谣！#2019年10大科学流言#终结榜】“5G基站辐射对人体会产生很大影响”、“中国高铁辐射严重，‘坐高铁=照X光’”、“电子烟是戒烟利器”、“液化气钢瓶着火要先灭火再关阀门”…#2019听过的谣言#还有哪些？17日中国科协发布2019十大“科学”流言终结榜↓O“典赞·2019科普中国”十大“科学”流言终结榜揭... ​​​​,1631,574,4382,Civic education
12/18/2019,2019,12,18,2019-12-18 10:32 来自 微博视频 已编辑,【画风变了！#东风快递硬核宣传片要火#】“扎根、过硬、奋斗、奉献”是高原火箭兵传承50年的精神。是这样的精神，赋予每一位火箭兵忠诚；是这样的精神，使他们在雪域高原、戈壁大漠中肩负起保家卫国的责任。高原火箭兵震撼出镜，诠释中国硬核力量↓收藏！  L的微博视频 #领航强军新时代 ​​​​...展开全文c,7085,2085,40226,Patriotic acts/festivals
12/18/2019,2019,12,18,2019-12-18 09:10 来自 微博视频,【#北京澳门大学生隔空合唱七子之歌#】1999年澳门回归，20年弹指一挥间，当年出生的人如今已步入大学，来自@北京大学 和@澳門科技大學藝術團 的学生相距2000公里，来了一场5G隔空合唱。他们为澳门而唱！为祖国的繁荣昌盛而唱！转发，传递#我的中国心#！  L的微博视频 ​​​​,11773,2323,46389,Patriotic acts/festivals
12/18/2019,2019,12,18,2019-12-18 08:43 来自 微博视频,【成功升井！#宜宾煤矿13名被困人员全部获救#】14日15时26分，川煤集团芙蓉公司杉木树煤矿发生透水事故。事故造成5人遇难、13人失联。今天凌晨，经连续4天紧张救援，被困13人全部找到，目前已被救出送往医院。为成功救援鼓掌，向救援人员致敬！#宜宾煤矿13名被困人员全部存活#   ​​​​...展开全文c,829,834,8557,Social affairs - disaster
12/18/2019,2019,12,18,2019-12-18 08:05 来自 正能量 · 视频社区,#微盘点#【为你骄傲！#2019我和我最爱的五星红旗#】小学生擦拭被雨水淋湿的国旗、交警在车流中捡起被吹落的国旗、消防员救援结束后擦亮胸前的国旗…2019，五星红旗带给我们太多感动与回忆。我们愿为你遮风挡雨，让你永远高高飘扬。守护国旗，只因为我是中国人，#我的中国心#！戳↓   ​​​​...展开全文c,1966,760,7692,Patriotic acts/festivals
12/18/2019,2019,12,18,2019-12-18 07:31 来自 新媒体聚合平台,【个税汇算公开征求意见！#7种情况个税可申请退税#】近日，国家税务总局公布关于办理2019年度个人所得税综合所得汇算清缴的公告（征求意见稿）向社会征求意见。我国首个个税汇算清缴将于2020年3月启动，年收入不超过12万可免个税汇算清缴。#2020你该退税还是补税#？戳↓↓关乎你的钱袋子，转发提醒！ ​​​​,6558,899,7541,Social affairs - local policy 
12/17/2019,2019,12,17,2019-12-17 14:23 来自 微博视频 已编辑,【双倍的可爱！四川#卧龙首次拍到野生大熊猫亚成体双胞胎#】12月17日，卧龙对外公布了一对野生大熊猫亚成体双胞胎的红外相机拍摄画面和视频，这是#全球首次拍到野生大熊猫亚成体双胞胎#。据之前的研究，野外大熊猫产下的双胞胎，几乎没有双双成活的记录。卧龙的发现，打破了这一纪录。（张文） ​​​​...展开全文c,1044,831,6427,Leisure
12/17/2019,2019,12,17,2019-12-17 12:25 来自 社会热点 · 视频社区 已编辑,【#专访崔世安#：澳门特别重视年轻人，要把爱国爱澳这一核心价值延续下去】崔世安表示，澳门很重视年轻人，非高等教育、高等教育、持续教育培训都在全面推广。要让澳门一代一代人，把爱国爱澳这一重要核心价值延续下去。特区政府会帮青年人更好融入大湾区发展。祝福澳门，传递#我的中国心#！   ​​​​...展开全文c,801,640,7138,Patriotic acts/festivals
12/17/2019,2019,12,17,2019-12-17 10:43 来自 新媒体聚合平台,【#我知道Macau不是你真姓#】“你可知Macau，不是我真姓，我离开你太久了，母亲……”多年过去，当熟悉的旋律响起，心中的澎湃之情一如从前，但骄傲自豪已代替酸涩悲伤。文脉相同，血脉相亲，祝福澳门，明天会更好！#我的中国心# ​​​​,1556,660,6140,Patriotic acts/festivals
12/17/2019,2019,12,17,2019-12-17 08:27 来自 社会热点 · 视频社区,【微视频 | #澳门24小时#】濠江之滨，莲花绽放；中西交融，别具风韵；血浓于水，赤子之心；爱国爱澳，薪火相传。《澳门24小时》带你共赏澳门的盛世优雅！庆祝#澳门回归20周年#！一起#点赞澳门#！  L的微博视频 ​​​​,2447,923,18366,Patriotic acts/festivals
12/17/2019,2019,12,17,2019-12-17 08:14 来自 新媒体聚合平台,【中央国家机关和地方#2020年新闻发言人名录发布# 共248位】16日，国务院新闻办公室发布中央国家机关和地方2020年新闻发言人名录。中央和国家机关有关部委、各省(区、市)党委和政府新闻发言人共248位，与2019年相比，新闻发言人增加13位。转需！O网页链接 ​​​​,785,244,1951,CCP
12/17/2019,2019,12,17,2019-12-17 07:24 来自 社会热点 · 视频社区,【一首听完泪奔的歌，#跨越20年的七子之歌#】1999年澳门回归，一首《七子之歌》唱出中华儿女期盼祖国统一的心声。20年时光倒流，当熟悉的旋律响起，心中的澎湃之情一如从前。澳门回归20周年，一起重温这首承载一代人记忆的歌↓↓为澳门而唱，转发传递#我的中国心#！  L的微博视频 ​​​​,5067,1793,27092,Patriotic acts/festivals
12/16/2019,2019,12,16,2019-12-16 23:20 来自 微博视频 已编辑,【震撼！高原#特种兵千米高空跳伞画面曝光#】近日，西藏军区某特战旅年度伞降训练任务画上句号。95后的大学生士兵王瑞说，他很怕高，当初给自己定的目标是完成3次伞降训练，但是训练结束他已经累计完成12次。戳↓↓近距离看特种兵们伞降训练！O勇敢者游戏：高原特种兵带你千米高空穿云破雾 L的微博视频 ​​​​,787,751,5792,Role model
12/16/2019,2019,12,16,2019-12-16 22:14  已编辑,【#人民微评#：把宁静还给学校，把时间还给教师】填表多、评比多、考核多、摊派多，教师被非教学事务所“绑架”，压力山大，苦不堪言。为教师减负，早就是各界所盼。以督促减、以减增效，真正减在刀刃上，减出实效来，让教师轻装上阵，集中精力教书育人，学生才能受益，教育更有出路。,2693,2264,11528,Social affairs - local policy 
12/16/2019,2019,12,16,2019-12-16 21:02  已编辑,【燃到炸裂！#不法分子听了发抖的交响乐#】西安交响乐团联合西安公检法三大执法机关，共同呈现史上最为震慑不法分子的交响乐。网友：不只黑恶势力，我听了都瑟瑟发抖LXSO西安交响乐团的微博视频 ​​​​,4094,1981,30708,Leisure
12/16/2019,2019,12,16,2019-12-16 20:37 来自 社会热点 · 视频社区,【#46岁儿子被86岁母亲拍打#：这个年龄还有妈打是幸福】重庆46岁的杜永华吃饭时被86岁母亲拿筷子拍打，他笑着说：“这个年龄有妈打，还不开心啊？”去年8月，母亲因病连喝水都费力，住院也没效果。杜永华将她接回家照顾后出现了奇迹，杜永华对母亲说：“好好地活，活个200岁，天天让你打可好？”  ​​​​...展开全文c,1562,1370,21036,Social affairs
12/16/2019,2019,12,16,2019-12-16 19:55  已编辑,【你想要吗？#2020年贺岁纪念币#18日起发行】中国人民银行自2019年12月18日起陆续发行2020年贺岁纪念币一套。该套纪念币共2枚，其中银质纪念币1枚，双色铜合金纪念币1枚。银质纪念币背面图案为“福”字造型，双色铜合金纪念币背面主景图案为中国传统剪纸艺术与装饰年画元素相结合的小花鼠造型。 ​​​​...展开全文c,2755,2360,9737,Social affairs
12/16/2019,2019,12,16,2019-12-16 19:10  已编辑,#北斗三号刷新组网纪录#【转发祝贺！#北斗三号核心星座部署完成#】16日15时22分，我国在西昌卫星发射中心用长征三号乙运载火箭，以“一箭双星”方式成功发射第五十二、五十三颗北斗导航卫星。至此，所有中圆地球轨道卫星全部发射完毕，标志着北斗三号全球系统核心星座部署完成。加油，中国航天！ ​​​​...展开全文c,1757,930,8580,Achievements
12/16/2019,2019,12,16,2019-12-16 19:01  已编辑,【#习近平会见林郑月娥#】国家主席习近平16日下午在中南海瀛台会见了来京述职的香港特别行政区行政长官林郑月娥，听取了她对香港当前形势和特别行政区政府工作情况的汇报。习近平说，即将过去的这一年，是香港回归祖国以来局面最为严峻复杂的一年。面对各种困难和压力，你坚守“一国两制”原则底线，依 ​​​​...展开全文c,1425,1340,17317,Hong Kong
12/16/2019,2019,12,16,2019-12-16 16:56 来自 微博视频,【每一帧都想截图！5分钟看遍#美成壁纸的新疆风光#】提起新疆，你会想到什么？塔克拉玛干沙漠、哈密魔鬼城、罗布泊、伊犁河谷、火焰山、楼兰故城……这里地域辽阔，面积166多万平方公里，约占中国国土面积的六分之一；这里生态环境良好，绚丽多姿的风光让人流连忘返。戳视频↓↓一起看大美新疆！   ​​​​...展开全文c,4274,1557,12895,Leisure
12/16/2019,2019,12,16,2019-12-16 16:26  已编辑,#耿爽回应厄齐尔事件#【#耿爽欢迎厄齐尔到新疆看看#】13日，阿森纳足球俱乐部德国籍球员厄齐尔在社交媒体上发表批评中国政府新疆政策的言论，引发国内外网民高度关注。对此，耿爽表示，新疆是中国领土不可分割的一部分。中国历史上从来没有把新疆称为“东突厥斯坦”，更不存在所谓的“东突厥斯坦国”。 ​​​​...展开全文c,919,1419,13005,International affairs (China related)
12/16/2019,2019,12,16,2019-12-16 16:16 来自 微博视频 已编辑,【#专访何厚铧#：一国两制带领澳门走出困境】20年前，澳门经济低迷，失业率高，收入因治安问题非常差。回归后，在一国两制强大生命力下，澳门取得飞跃式增长。在何厚铧看来，澳门特色一国两制一是爱国爱澳，二是薪火相传，三是澳门与祖国同命运。#澳门回归20周年#，祝福澳门，传递#我的中国心# ​​​​...展开全文c,1515,906,14648,Patriotic acts/festivals
12/16/2019,2019,12,16,2019-12-16 14:26 来自 微博视频,【#北京下雪#，#故宫雪景图上新了#】冬意正浓，雪落紫禁城，今天的雪，邀谁同赏？  L的微博视频 ​​​​,5331,2170,26684,Social affairs - environment
12/16/2019,2019,12,16,2019-12-16 13:03  已编辑,#北京下雪#【#故宫雪景图上新了#】一场飞雪，一座城。紫禁城的瑞雪，你喜欢吗？@故宫博物院 ​​​​,5618,2662,27716,Social affairs - environment
12/16/2019,2019,12,16,2019-12-16 12:52  已编辑,【七部门：#集中治理高校教师性骚扰学生等突出问题#】日前，教育部等7部门印发的《关于加强和改进新时代师德师风建设的意见》提出，把群众反映强烈、社会影响恶劣的突出问题作为重点从严查处，针对高校教师性骚扰学生、学术不端以及中小学教师违规有偿补课、收受学生和家长礼品礼金等开展集中治理。一 ​​​​...展开全文c,634,641,4366,Social scandal
12/16/2019,2019,12,16,2019-12-16 08:36 来自 微博视频,#微盘点#【#2019让你热泪盈眶的瞬间#】中国女排世界杯十一场全胜；留学生雨中为国旗撑伞；共和国首次颁授国家勋章和荣誉称号；国庆大阅兵让人热血沸腾…2019年，这些瞬间你还记得吗？又有哪些曾让你热泪盈眶？这段视频一起回顾这不平凡的2019↓↓  L的微博视频 ​​​​,12939,3499,41705,Leisure
12/15/2019,2019,12,15,2019-12-15 17:37 来自 新媒体聚合平台,【北方雪花陆续到货！#华北堆雪人预报地图#上线】从14日夜间开始，北方雪花陆续到货了，此次雪花发货范围广力度大，超10省市区今明天将迎降雪，太原、石家庄今晚可堆雪人，#北京雪人周一见#！南方同学：打扰了…@中国天气 ​​​​,925,1145,3514,Social affairs - environment
12/15/2019,2019,12,15,2019-12-15 14:57  已编辑,【#广州→深圳仅100分钟#，公交化运营，上车随便坐】今天，穗莞深城际铁路开通运营，设计时速140公里/小时，从广州东站到深圳机场站仅需1小时40分钟，大大压缩往返穗、莞、深三地时空距离。对推动粤港澳大湾区1小时经济生活圈、“广深港澳”科技创新走廊建设具有重要意义。L广州日报的秒拍视频 ​​​​,733,1275,6557,Social affairs
12/15/2019,2019,12,15,2019-12-15 14:22 来自 社会热点 · 视频社区,【宇芽回忆家暴过程：我当时像玩具一样，直接摔到地上】宇芽被家暴引起广大网友讨论，她回忆家暴过程时说：我当时像玩具一样，直接摔到地上，狗就站在我旁边。专家表示：对家暴说不，最重要的是及时去掉幻想，不要把家暴看成夫妻吵架，它实际上是人身伤害。#今日说法 宇芽# LCCTV今日说法的微博视频 ​​​​,917,1110,13087,Crime & court
12/15/2019,2019,12,15,2019-12-15 14:06  已编辑,【#涉孙小果案职务犯罪案一审宣判#：孙小果母亲获刑20年继父获刑19年】12月15日，云南省玉溪市中级人民法院、玉溪市红塔区人民法院、玉溪市通海县人民法院以及曲靖市沾益区人民法院、红河州个旧市人民法院、文山州文山市人民法院、大理州洱源县人民法院、德宏州芒市人民法院分别对19名涉孙小果案公职人 ​​​​...展开全文c,415,827,4814,Crime & court
12/15/2019,2019,12,15,2019-12-15 13:33 来自 军事 · 视频社区,【致敬！#新中国第一批受阅女兵#：通过天安门误差仅0.72秒】1984年，国庆35周年，新中国第一批受阅女兵在天安门接受检阅。96米，3分22秒，误差0.72秒，她们走的每一步都记在中国史册。为了这一刻，她们在风雪中训练一动不动。戳视频↓↓看她们不为人知的训练故事。L央视军事的微博视频 ​​​​,1438,699,13932,Role model
12/14/2019,2019,12,14,2019-12-14 22:16  已编辑,【愿平安！#宜宾煤矿透水致3死15失联#】记者从四川宜宾市应急管理局获悉，今天下午15时左右，位于宜宾珙县巡场镇的川煤集团芙蓉公司杉木树煤矿发生透水事故，#四川宜宾煤矿透水#已造成3人死亡、15人失联，救援正在紧张进行！（记者宋豪新） ​​​​,1077,1480,4395,Social affairs - disaster
12/14/2019,2019,12,14,2019-12-14 22:16  已编辑,【愿平安！#宜宾煤矿透水致3死15失联#】记者从四川宜宾市应急管理局获悉，今天下午15时左右，位于宜宾珙县巡场镇的川煤集团芙蓉公司杉木树煤矿发生透水事故，#四川宜宾煤矿透水#已造成3人死亡、15人失联，救援正在紧张进行！（记者宋豪新） ​​​​,1077,1480,4395,Social affairs - disaster
12/14/2019,2019,12,14,2019-12-14 21:28  已编辑,#人民锐评#【#批视频网站套路#：吃相难看】据报道，针对当前的热剧《庆余年》，有视频网站推出VIP超前点播服务，在VIP抢先看6集的基础上，会员再交50元可在更新时多看6集。这番操作顿时惹恼了不少用户。VIP之外设置VVIP，额外掏钱才能享受超前点播，视频网站是在制造焦虑诱发用户消费。在此前 ​​​​...展开全文c,36045,56067,762782,Social affairs - consumer rights
12/14/2019,2019,12,14,2019-12-14 00:37 来自 微博视频,#中方关于中美第一阶段经贸协议的声明#【财政部：#美承诺取消部分对华拟加征已加征关税#】12月13日，国务院新闻办公室举行新闻发布会，介绍中美经贸磋商有关进展情况。中央财经委员会办公室副主任、财政部副部长廖岷就第一阶段贸易协议是否包括美国答应取消50%的现有关税，中方对此是否也会取消50%的对 ​​​​...展开全文c,655,572,2614,Social affairs - economics
12/14/2019,2019,12,14,2019-12-14 00:30 来自 微博视频 已编辑,#中方关于中美第一阶段经贸协议的声明#【宁吉喆：#中国欢迎优质美国产品服务进入中国市场#】国新办13日晚就中美经贸磋商有关进展情况举行发布会。国家发展改革委副主任宁吉喆在会上说，从两国超大规模经济和市场看，中美贸易还有很大潜力。从满足中国人民不断增长的消费需求和推动经济高质量发展出发， ​​​​...展开全文c,281,267,1564,Social affairs - economics
12/13/2019,2019,12,13,2019-12-13 23:04  已编辑,【快讯！#中美第一阶段经贸协议文本达成一致#】经过中美两国经贸团队的共同努力，双方在平等和相互尊重原则的基础上，已就中美第一阶段经贸协议文本达成一致。协议文本包括序言、知识产权、技术转让、食品和农产品、金融服务、汇率和透明度、扩大贸易、双边评估和争端解决、最终条款九个章节。同时，双 ​​​​...展开全文c,1802,910,5227,Social affairs - economics
12/13/2019,2019,12,13,2019-12-13 17:32 来自 微博原生直播,【正在直播：#国家公祭日烛光祭#国际和平集会】今天，南京大屠杀死难者国家#公祭日#。17:30，侵华日军南京大屠杀遇难同胞纪念馆祭场举行烛光祭国际和平集会，南京大屠杀幸存者及其后代代表、烈士后代、法官后代、国际友人或其遗属代表等将参加，@ 正在直播↓↓  O的微博直播 . ​​​​,3380,1802,18089,Patriotic acts/festivals
12/13/2019,2019,12,13,2019-12-13 15:41  已编辑,【美官员称中方以恶意回应美方善意 #外交部三连怼谈没感到美方善意#】美国国务院亚太事务助理国务卿史达伟称美方为中国近几十年来的发展提供了巨大的帮助，美方对中方以持续的恶意来回应美方的善意感到失望。对此，华春莹表示，我们完全不能同意他的观点。首先，新中国成立70周年以来，我们所取得的举 ​​​​...展开全文c,1119,1277,14078,International affairs (China-US)
12/13/2019,2019,12,13,2019-12-13 13:29 来自 专业版微博,【致敬“海上守护神”！#一段视频了解中国救捞#】当海难发生时，人们是极少能自救逃生的。然而在危急关头，有这样一群人随时待命，在中国海域上为生命守望。海水冰冷刺骨，他们的心却火热无比。无论遇到多大的惊涛骇浪，他们仍然迎难而上，无惧无悔↓↓致敬！ L的微博视频 ​​​​,1209,551,7030,Role model
12/13/2019,2019,12,13,2019-12-13 13:03  已编辑,【#黑龙江警方查获野生熊掌214只# 它们本不该是这样】13日，黑龙江绥芬河警方破获一起重大走私非法收购出售珍贵野生动物制品案，抓获犯罪嫌疑人2名，查获涉嫌走私野生棕熊熊掌214只、羚羊角4根、鹿茸5块、熊胆10个、动物牙齿19个、疑似虎骨26块、海参213公斤，案值近千万。抵制野生动物制品，不 ​​​​...展开全文c,1528,2409,12702,Crime & court
12/13/2019,2019,12,13,2019-12-13 12:22 来自 专业版微博,【为爱让路！#为琼A88132让出生命通道#，扩！】山东8个月大的朵朵是一名早产儿，患有重症肺炎、先天性心脏病等疾病，病情危重。预计今天下午3点左右，将在车牌号为“琼A88132”的救护车运送下，到达北京八一儿童医院救治。救护车将途经济徐高速、济广高速、京台高速，具体线路将根据路况进行调整。转发 ​​​​...展开全文c,1310,765,5846,Social affairs
12/13/2019,2019,12,13,2019-12-13 11:44 来自 军事 · 视频社区,#澳门回归20周年#【围观！#驻澳部队的训练日常#：装甲车在室内“开”】在装甲兵模拟训练中心，驻澳部队官兵可全天候同步展开射击、驾驶、通信等基础训练，一样的手感，一样的准！围观↓↓L央视军事的微博视频 ​​​​,451,373,4795,Patriotic acts/festivals
12/13/2019,2019,12,13,2019-12-13 11:00  已编辑,#公祭日#【#听这就是82年前的南京#】这就是82年前的南京。82年后的今天，10点01分，防空警报划破南京城的上空。凝固的60秒，南京举城哀悼。珍爱和平，缅怀先烈！L军人之家的微博视频 ​​​​,15664,3634,36271,Patriotic acts/festivals
12/12/2019,2019,12,12,2019-12-12 20:15 来自 微博视频,#微盘点#【提气！#2019中国外交天团高能回应#】有理有据、有力有节，这是中国的大国气度！  L的微博视频 ​​​​,4516,1566,39670,International affairs (China related)
12/12/2019,2019,12,12,2019-12-12 19:34  已编辑,【#中央经济工作会议确定6大重点工作#】#中央经济工作会议#12月10日至12日在京举行。会议确定，明年要抓好以下重点工作：①坚定不移贯彻新发展理念；②坚决打好三大攻坚战；③确保民生特别是困难群众基本生活得到有效保障和改善；④继续实施积极的财政政策和稳健的货币政策；⑤着力推动高质量发展；⑥ ​​​​...展开全文c,1030,369,2521,CCP
12/12/2019,2019,12,12,2019-12-12 17:04 来自 新媒体聚合平台,【#九部门加大力度落实职工带薪休假#制度 推动错峰出行】近日，发改委等9部门联合发布意见，指出完善带薪休假相关制度：鼓励用人单位在年初统筹安排当年休假。各地可制定出台中小学放春假或秋假的办法，引导职工家庭在适宜出行季节带薪休假。积极推行岗位AB角制度等。你觉得#带薪休假为什么落实难#？ ​​​​...展开全文c,2155,1016,3571,Social affairs - local policy 
12/12/2019,2019,12,12,2019-12-12 16:51  已编辑,【#外交部称西方对华恐惧偏执症是种病#】12日，外交部发言人华春莹回应记者提问：现在一些西方国家政客和媒体似乎集体患上了“对华恐惧偏执症”，表现为“逢中必反”。这种现象说到底，是对华认知出了问题。“对华恐惧偏执症”是种病，也很危险，但并非无药可治，它需要的只是抛弃零和冷战思维，秉持平 ​​​​...展开全文c,365,353,2872,International affairs (China related)
12/12/2019,2019,12,12,2019-12-12 14:46  已编辑,【#谈萌娃脚踹撞倒妈妈的车#：礼让行人绝不是小事一桩】小男孩这一脚踢中了人们的泪点，却不知道能否踢醒那些横冲直撞司机们的文明交通意识。今年前10个月，“未按规定让行”一项造成4661人死亡、27015人受伤。让法治精神、规则意识在越来越多人心里生根，“礼让行人”将成为一种文明习惯。 ​​​​...展开全文c,906,2086,15677,Civic education
12/12/2019,2019,12,12,2019-12-12 10:54 来自 专业版微博,【酷炫！#90秒视频打卡澳门#：你可知Macau最美的风景】提到澳门你会想到什么？葡式蛋挞？大三巴牌坊？还是那首耳熟能详的《七子之歌》？澳门可不止这些！#澳门回归20周年#，戳视频↓↓↓一起体验你不一定了解的魅力澳门~ L的微博视频 ​​​​,1684,526,4142,Leisure
12/12/2019,2019,12,12,2019-12-12 10:11 来自 校园 · 视频社区,【感动！#澳门城市大学学子献唱七子之歌#】“你可知Macau，不是我真姓，我离开你太久了母亲……”#澳门回归20周年#，澳门城市大学师生献唱《七子之歌--澳门》，把对祖国母亲的爱都唱进了歌里。L澳门城市大学的微博视频 ​​​​,2881,1443,21544,Patriotic acts/festivals
12/12/2019,2019,12,12,2019-12-12 07:41 来自 新媒体聚合平台,【云南#4名教师家访途中遇车祸2死2伤#】据@云南发布 ，11日上午，云南昭通彝良县洛泽河镇毛坪中学4名教师，到洛泽河镇发路村罐子窑开展学生就学意愿调查及控辍保学工作，中途发生交通事故，车辆翻下400米斜坡，造成其中2人当场死亡，另外2人受重伤。遇难者善后处理等相关工作正进行。 ​​​​,670,1211,6287,Social affairs
12/11/2019,2019,12,11,2019-12-11 13:16 来自 新媒体聚合平台,【网传#出生仅1天婴儿在医院被盗#警方通报：属实，孩子已找回】网传“惠水一女子假扮成护士从医院抱走一新生婴儿”，10日，贵州@惠水县公安局 通报，经专案组近56个小时不懈努力，被盗婴儿已获救，犯罪嫌疑人李某被抓获，经检查，婴儿身体指标正常，目前，审讯工作正在开展。L贵州都市报的微博视频 ​​​​,4430,9534,175398,Crime & court
12/11/2019,2019,12,11,2019-12-11 12:56 来自 正能量 · 视频社区,【人间有真情！#小吃店老板给走失老人送热水热饭#，这夜风很冷我们送你回家】近日，湖北十堰一小吃店老板发现门口一位老人，冻得瑟瑟发抖，无法与人交流。老板给老人热水热饭后报警，@东岳南区所 民警联系老人侄子得知，老人是聋哑人，患老年痴呆，已走失3天，家人一直在找。在民警帮助下老人顺利 ​​​​...展开全文c,645,553,5927,Role model
12/11/2019,2019,12,11,2019-12-11 11:44 来自 新媒体聚合平台,【别拿身体不当回事！#2019年末健康自测#50题，你能拿多少分】又到年底，工作忙碌的同时，千万别忽视健康。今年出台的《健康中国行动（2019—2030年）》建议，人均每日食盐摄入量不高于5g、成人每日平均睡眠7-8小时、每周进行3次以上中等强度运动…#50个健康密码#↓↓戳图自测，转给你关心的TA！ ​​​​,5704,811,3925,Civic education
12/11/2019,2019,12,11,2019-12-11 09:26 来自 新媒体聚合平台,【#特大走私穿山甲鳞片案告破#：约5万只穿山甲遭杀戮】据央视，近日，杭州海关缉私局与温州市公安局联合侦破特大走私濒危野生动物及制品案，抓获犯罪嫌疑人18名，查证涉嫌走私穿山甲鳞片23.21吨，意味着近5万只穿山甲遭杀戮。捕杀、贩卖和食用穿山甲违法。转发呼吁，不食用，不使用！留住穿山甲！ ​​​​,4598,2674,14784,Crime & court
12/11/2019,2019,12,11,2019-12-11 08:47 来自 社会热点 · 视频社区,【谢谢你们没放弃！母子煤气中毒打完120后晕倒，#医护人员挨家敲门1小时救出患者#】8日，江西九江修水县第一人民医院接到120求助电话，医护人员出诊后却再也联系不上患者。向上级请示并报警后，他们挨家向几十户人家敲门搜寻，1个多小时终于找到患者家，救出煤气中毒晕倒的母子。L时间视频的微博视频 ​​​​,1071,974,13136,Role model
12/11/2019,2019,12,11,2019-12-11 08:13 来自 微博视频 已编辑,#微盘点#【注入灵魂！#2019年度十大BGM#出炉，你最爱哪一首？】从被各行各业模仿借鉴的《野狼disco》，到让人心旷神怡的《起风了》；从被重新演绎的《我和我的祖国》到高燃炸裂的《钢铁洪流进行曲》…2019年，这些BGM你都听过吗？又是否曾被某一段歌词或旋律感动？戳视频，一起回顾↓↓   ​​​​...展开全文c,29290,10248,191847,Leisure
12/11/2019,2019,12,11,2019-12-11 07:43 来自 微博视频,【今天，发条微博，纪念钱学森】美国人说他抵得上5个师，宁可枪毙也不让回国。在他心里，国为重，家为轻，科学最重，名利最轻。五年归国路，十年两弹成。开创祖国航天，他是先行人。他说：“我的事业在中国，我的归宿在中国。”今天，#钱学森诞辰#108周年，缅怀！  L的微博视频 ​​​​,16913,4647,100656,Role model
12/11/2019,2019,12,11,2019-12-11 07:24  已编辑,【#人民锐评#：荒谬的“暴力护港”逻辑必须否定】前日傍晚，香港警方在湾仔华仁书院又发现土制炸弹；内藏10公斤化学粉末，暗置大量尖锐铁钉，可于百米范围内致人伤亡，暴徒这一极具危险的“杰作”现身校园，让整个香港社会不寒而栗。半年了，煽暴、纵暴结出了社会失序、经济衰退的恶果，制暴者、施暴者 ​​​​...展开全文c,496,525,3304,Hong Kong
12/10/2019,2019,12,10,2019-12-10 19:54  已编辑,【黑龙江#哈兽研布鲁氏菌抗体阳性者13人#】12月7日，黑龙江省疾控中心通过传染病疫情网络直报系统监测到省农垦总医院诊断6例布病，均为中国农业科学院研究生院兽医学院学生。截至10日17时，此次疫情相关报告布鲁氏菌抗体阳性者13人，其中布病确诊病例1例、疑似2例、隐性感染10例。O网页链接 ​​​​,225,361,1688,Social affairs - disaster
12/10/2019,2019,12,10,2019-12-10 17:01  已编辑,【#上海养个孩子到初中要花80万#】12月9日，上海社会科学院发布报告显示，①上海中小学生超八成未参加补习班；②养育一个孩子到初中毕业的家庭总投入接近84万；③女生各科平均成绩都高于男生，差距最大的是英语；④#母亲学历越高孩子成绩越出彩#。你为孩子的教育花了多少钱？O调查显示，母亲学历越高孩子成绩越容易出彩 ​​​​,865,1099,5000,Social affairs - trends
12/10/2019,2019,12,10,2019-12-10 16:02 来自 排球 · 视频社区,【转发祝福！#铁榔头生日快乐# 】 从1981年作为主攻手拿到中国女排第一冠，到2019年作为主教练拿下中国女排第十冠。郎平说，女排精神不是赢得冠军，而是有时候明知道不会赢，也竭尽全力。38载峥嵘岁月，女排精神鼓舞了一代又一代中国人。祝福郎平！祝福中国女排！L中国女排的微博视频 ​​​​,1730,1075,11786,Role model
12/10/2019,2019,12,10,2019-12-10 14:48 来自 微博视频,【转扩！#急救版野狼Disco教你用AED#！】心脏骤停抢救黄金时间为4分钟，如果能及时使用上AED（自动体外除颤仪），病人存活率能高达90%。目前不少地方已经安装了AED，怎么用？@南京医科大学 师生改编《急救Disco》，记住#AED使用九字诀#：开电源、听他说、跟着做！转给更多人！  L的微博视频 ​​​​,2844,554,6318,Civic education
12/9/2019,2019,12,9,2019-12-9 22:04  已编辑,【人民微评：为民除害，让“钱逢胜”们付出代价】骚扰女学生#上财副教授被开除#、撤销教师资格，咎由自取。上海财大毫不袒护，处理果断，在职责范围内做了所能做、所该做的，值得激赏，堪称典范。钱逢胜是否涉嫌违法犯罪，或需司法机关介入。法治昭彰，岂可把学生当猎物？菁菁校园，绝不容师德败坏之徒 ​​​​...展开全文c,2874,2435,47912,Social scandal
12/9/2019,2019,12,9,2019-12-9 21:17  已编辑,#上财通报副教授骚扰女学生#【骚扰女学生#上财副教授被开除#】上海财经大学通报：钱逢胜严重违背教师职业道德，造成极其恶劣社会影响。经研究决定，给予钱逢胜开除处分，并按程序报请上级部门批准；撤销其副教授专业技术职务；撤销其教师资格。对违反师德师风的行为坚持零容忍，坚决依法依规严肃处理。 ​​​​,9410,10701,258655,Social scandal
12/9/2019,2019,12,9,2019-12-9 14:59 来自 微博视频,【完成惊艳首秀！延时摄影记录#水立方变身冰立方#】日前，经过一年的“水冰转换”，“水立方”终于变身“冰立方”，并迎来首场冰壶赛事。2008年奥运会游泳比赛的泳池，如今已变成4条标准赛道的冰壶场地。同时在北京冬奥会和冬残奥会冰上项目场馆中，第一个完成了奥运标准的制冰工作。（新华社）  ​​​​...展开全文c,1699,1288,34552,Social affairs
12/9/2019,2019,12,9,2019-12-9 14:24 来自 新媒体聚合平台,【#冬天的东北有多美#？库尔滨河十里雾凇画廊如仙境】12月8日，黑龙江逊克库尔滨河，因为上游建水电站，下游河水因此常年不冻，形成浓浓雾气，和冷空气融合交锋，形成雾凇。雾凇观赏期从每年11月下旬起，到第二年3月。有南方游客说，自己来了才相信真有人间仙境。L一手video的秒拍视频 ​​​​,1172,621,3623,Leisure
12/9/2019,2019,12,9,2019-12-9 13:42 来自 新媒体聚合平台,【太难了！#民警唐僧式反诈劝阻# 网友：你清醒一点…】上海浦东惠南地区的王女士被骗子洗脑，执意要给对方汇款，民警眼见如此，苦口婆心地为王女士讲解防范网络电信诈骗的要点及身边的一些真实案例。苦劝近一个小时后，王女士终于醒悟，保住了存款。L警民直通车-浦东的微博视频 ​​​​,519,419,5700,Bizzare
12/9/2019,2019,12,9,2019-12-9 10:34  已编辑,【破纪录、创历史！#宁忠岩夺速滑世界杯1500米金牌#！】北京时间12月8日晚，国际滑联速滑世界杯哈萨克斯坦站比赛中，中国选手宁忠岩以1分44秒918的成绩打破场地纪录，夺得冠军！这是中国选手在速滑世界杯历史上第一次夺取男子1500米金牌。祝贺！#中国速滑首夺男子1500米金牌#http://t.cn/Aiejt6Vb ​​​​,895,554,6658,Achievements
12/9/2019,2019,12,9,2019-12-9 08:09 来自 微博视频,#微盘点#【燃！#中国航天的超级2019#】这一年，嫦娥四号成功着陆月球背面，火星探测器首次公开亮相；这一年，我们告别天宫二号，也见证了中国空间站时代的华丽开启…星辰大海的征途上，中国航天人用奋斗创造着奇迹。120秒看中国航天的2019↓中国航天，未来可期！转发致敬！   ​​​​...展开全文c,4587,1135,13004,Achievements
12/9/2019,2019,12,9,2019-12-9 07:00 来自 新媒体聚合平台,【别让惯性的思维，限制了你成长的能力】有时，你感觉自己一直在努力，却从没走出失败的怪圈；有时，你想提升自己，却总找不到正确的方法。你的失败，可能不是不努力，而是思维方式要更新。试着换个角度看世界，更积极、洒脱地面对生活。你该学会的9种思维方式↓对照学习，尝试改变。新的一周，早安。 ​​​​,4984,956,6210,Leisure
12/8/2019,2019,12,8,2019-12-8 19:53 来自 微博视频,【美！#航拍福建东狮山雾凇#】福建柘荣县东狮山的雾凇，是江南冬日难得一见的美景，大面积雾凇形态各异，洁白如雪，在阳光的照耀下熠熠生辉，景象十分壮丽。@勇者再现---幽游  L的微博视频 ​​​​,660,487,2884,Leisure
12/8/2019,2019,12,8,2019-12-8 18:20 来自 奇闻轶事 · 视频社区,【惊艳！#寄生花重现西双版纳#】近日，中国科学院西双版纳热带植物园科研人员记录了罕见的寄生花开花全过程。寄生花是大花草科寄生花属植物，是一种奇特的寄生植物。2016年西双版纳境内曾发现寄生花，但没有记录下视频资料。此次共拍摄到2000多张照片，最后合成不到一分钟的视频。L新华网的微博视频 ​​​​,2146,1731,16107,Social affairs - environment
12/8/2019,2019,12,8,2019-12-8 17:08 来自 新媒体聚合平台,【心疼！#消防员零下30度冻出冰雪妆#】近日，内蒙古兴安盟阿尔山地区气温降至零下三十多度，为保障寒冷天气里的救火工作，消防员们坚持抗寒训练，10公里长跑结束回到营区后，每个人脸上都蒙了厚厚的一层冰霜。向消防英雄致敬！L环视频的微博视频 ​​​​,1112,1682,17954,Role model
12/8/2019,2019,12,8,2019-12-8 16:40 来自 新媒体聚合平台,【#兵哥哥机场等行李时的温暖一幕#】有网友在北京机场等行李箱，捕捉到兵哥哥的温暖一幕↓↓一个小小的动作，暖到心里~L中国正能量的微博视频 ​​​​,1171,1564,34818,Role model
12/8/2019,2019,12,8,2019-12-8 16:23  已编辑,【#100款违法违规APP被下架整改# 考拉海购、房天下等在列】国家网络安全通报中心通报，2019年11月以来，100款违法违规App被下架整改，房天下、晋江小说阅读、考拉海购、光大银行、猪八戒网、樊登读书等在列。今年以来，公安部组织开展“净网2019”专项行动，已依法查处违法违规采集个人信息的App共683 ​​​​...展开全文c,863,1080,8687,Social affairs - consumer rights
12/8/2019,2019,12,8,2019-12-8 16:08 来自 新媒体聚合平台,#微盘点#【#2019催泪瞬间#，看到最后红了眼眶】2019年，你也许曾大哭过，对成年人的崩溃感同身受；2019年，也有身边的温暖，让你感慨万千；2019年，仍有人恪尽职守，为你我保驾护航…240秒回顾2019催泪瞬间↓生活就是这样，哭过笑过，我们继续出发。L中青网新闻中心的微博视频 ​​​​,5900,1721,23970,Leisure
12/8/2019,2019,12,8,2019-12-8 13:36 来自 新媒体聚合平台,【#上海机场回应救护车接机#：系员工私自违规使用】7日，有网友反映，看到一辆沪N牌照的救护车闪着警灯在浦东机场接机，几名年轻人将多个免税品购物袋装上车。当晚，@航旅直通车-上海机场 称，经查实该救护车系浦东机场所属，为浦东机场当班员工私自违规使用，将作出严肃处理。L新京报我们视频的秒拍视频 ​​​​,963,932,7605,Social scandal
12/8/2019,2019,12,8,2019-12-8 13:04 来自 新媒体聚合平台,【医者仁心！苏州#援疆医生改变五个孩子的一生#】2017年，江苏苏大附儿医院将五位新疆伊犁州的先天畸形患儿接到苏州免费治疗。今年11月底，孩子们回苏州复查，一个孩子已可以正常奔跑跳跃。曾在当地帮扶的医师王晓东说，今后这五个孩子将和其它小朋友一样，拥有一个欢乐的童年。LSBS暖视频的秒拍视频 ​​​​,444,395,5147,Role model
12/8/2019,2019,12,8,2019-12-8 12:52 来自 新媒体聚合平台 已编辑,【送别！我国#精神科泰斗田祖恩逝世#】7日，著名精神医学专家、首都医科大学附属北京安定医院司法精神医学的奠基者田祖恩教授因病逝世，享年91岁。田祖恩曾参与刑事案例的鉴定程序的制定，司法精神疾病鉴定系统的开发，并在司法鉴定工作中打破“有病无罪论”。转发，送别田老！O讣告：著名精神医学专家田祖恩教授逝世 ​​​​,914,855,7938,Role model
12/8/2019,2019,12,8,2019-12-8 11:51 来自 新媒体聚合平台 已编辑,#新疆暴恐幕后黑手#【当6岁男孩扣动扳机】2010年流出的一段视频中，“东伊运”展示了儿童使用遥控装置引爆带“中国警察”字样的车辆模型。成员肉孜洪拉的手机里的一段视频中，#暴恐父亲迫使六岁儿子开枪#，儿子拒绝无效，最终按照他的要求扣动了扳机。枪声响起，小男孩嚎啕大哭…LCGTN的微博视频 ​​​​,1013,1196,12500,Social affairs
12/8/2019,2019,12,8,2019-12-8 11:11 来自 新媒体聚合平台,【这不是段子！男子#双手发黑以为血栓其实裤子掉色#】日前，四川泸州一男子到医院就诊，称自己双手突然发黑，在网上查资料说是血栓。医生发现他的手不痛不肿，指侧的皮肤很正常，让他用肥皂洗了2次手后，皮肤恢复正常，原来这是男子的裤子掉色所致。L一手video的秒拍视频 ​​​​,1193,2015,11891,Bizzare
12/8/2019,2019,12,8,2019-12-8 10:13 来自 新媒体聚合平台,【帮他们发条微博！#寻女7年父母留在学校当清洁工等待#】7年前，19岁的赵蕾从山东禹城来湖南长沙读大学。几个月后，赵蕾突然失踪，7年来，一直没有音讯。遍寻不到女儿后，赵蕾的父母申请成为学校的清洁工。整整7年，他们在学校马路来来回回清扫，期待着女儿能突然出现。O寻女7年，他们曾想在岳麓山了断，最后留在女... ​​​​,3182,1380,11823,Social affairs
12/7/2019,2019,12,7,2019-12-7 10:18 来自 奇闻轶事 · 视频社区,【鹅鹅鹅！#千米长大鹅方阵排队过马路# 汽车等15分钟未过去】5日，安徽阜阳，尹先生开车到郊区办事，走过一小路时被一队过马路的大鹅拦住。尹先生停车待大鹅先过，回头发现大鹅队伍足有上千米长，一眼望不到头。15分钟后，大鹅主人出现帮他开路通过。网友：迟到怪大鹅L时间视频的微博视频 ​​​​,1593,1796,16984,Social affairs
12/7/2019,2019,12,7,2019-12-7 08:00 来自 正能量 · 视频社区,#微盘点#【今天，为他们发条微博，2019感动你我的平民英雄】他们没有超人的披风，危难时刻却总能挺身而出：飞奔关停电梯救人的大学生志愿者、“跨栏”式翻越柜台救人的护士、勇救落水老人的外卖小哥…英雄，不过是普通人拥有一颗伟大的心。#谁温暖了你的2019#？转发说声谢谢！  ​​​​...展开全文c,18077,5913,74310,Leisure
12/6/2019,2019,12,6,2019-12-6 21:55  已编辑,【#2019中国媒体10大流行语#发布！有你常用的吗？】6日，国家语言资源监测与研究中心发布2019中国媒体十大流行语：①我和我的祖国；②金色十年；③学习强国；④中美经贸磋商；⑤最美奋斗者；⑥硬核；⑦垃圾分类；⑧先行示范区；⑨基层减负年；⑩我太南了。O网页链接 ​​​​,1142,602,3574,Leisure
12/6/2019,2019,12,6,2019-12-6 13:27 来自 新媒体聚合平台,【#武汉大学一门课有六个院士讲#】@武汉大学 本科生课程“测绘学概论”始自1997年，目前由6位院士、4位教授授课。曾经是为挽留想转专业的学生，如今“院士课”堂堂爆满。学生说权威教材编写者就在眼前，课听起来像“追剧”。而在院士们看来，这“只是回归大学教育的初心”。 O一门课六院士 一讲二十二年(人民眼·教授上讲... ​​​​,2076,2237,63606,Leisure
12/6/2019,2019,12,6,2019-12-6 12:52 来自 新媒体聚合平台,#微盘点#【一段街采：#你的2019关键词是啥#】“考上研究生、涨工资了、谈了一场恋爱、宝宝出生了、闺女拿了年级第一”……这一年里你最骄傲、最感动、最遗憾的事情是什么？当时年初的“小目标”实现了吗？总结你的2019，你的年度关键词是啥？听他们说↓↓收获一年满满的幸福L中新视频的秒拍视频 ​​​​,940,1394,3995,Leisure
12/6/2019,2019,12,6,2019-12-6 11:09 来自 新媒体聚合平台,【送别！“周扒皮”形象作者#高玉宝去世# 享年92岁】12月5日，知名作家高玉宝逝世，享年92岁。他仅上过一个月的学，却先后写出总计200多万字的几部长篇小说。短篇小说《我要读书》和《半夜鸡叫》被选入小学语文课本，《半夜鸡叫》还被拍成木偶电影，其中“周扒皮”形象深入人心。L新京报我们视频的秒拍视频 ​​​​,756,907,5596,Role model
12/6/2019,2019,12,6,2019-12-6 10:28 来自 新媒体聚合平台,【转发提醒！医生表示，#常戴耳机容易眩晕#，耳蜗损伤所致】12月4日，河南卫辉。神经内科主治医师李林接诊不少眩晕症患者，他说眩晕症越来越青年化，很多年轻人经常戴耳机听歌、长时间熬夜，这些不良习惯会对前庭耳蜗造成损伤，久而久之，就会形成眩晕、耳鸣、耳聋等症状。L一手video的秒拍视频 ​​​​,1580,1403,5164,Civic education
12/6/2019,2019,12,6,2019-12-6 09:14 来自 新媒体聚合平台,【转发送别…#南京大屠杀幸存者金茂芝去世#】据@侵华日军南京大屠杀遇难同胞纪念馆 ，南京大屠杀幸存者金茂芝老人于5日下午4:50去世，享年91岁。1928年出生的金茂芝，目睹包括父亲在内的20余人惨遭日军杀害。他和母亲生活艰难，曾一度以乞讨为生。#两天内2位南京大屠杀幸存者去世#，愿安息！ ​​​​,1099,1471,8180,Social affairs
12/6/2019,2019,12,6,2019-12-6 09:02 来自 军事 · 视频社区,【心疼！#边防战士被蚂蟥咬得鲜血淋漓#】“中国最后的秘境”西藏墨脱，原始森林蛇虫肆虐，曾有战士被毒蛇咬伤牺牲。几十条蚂蟥爬上战靴，脚被咬得血流不止，是他们的巡逻日常。在目的地，他们举着国旗说“我站立的地方是中国！绝不把领土守小了，绝不把主权守丢了”。致敬！L央视军事的微博视频 ​​​​,2709,3335,32877,Role model
12/6/2019,2019,12,6,2019-12-6 08:27 来自 新媒体聚合平台,#微盘点#【一生尽瘁！#2019年已有29位院士离开#】12月4日，中国科学院院士陈星弼逝世，享年89岁，他已是今年逝世的第29位院士。2019年以来，我国已痛失29位两院院士，包括17位中国科学院院士、12位中国工程院院士。献身科研，呕心沥血，这些“国之脊梁”，值得我们永远铭记↓↓转发送别！ ​​​​,5580,1801,16739,Role model
12/6/2019,2019,12,6,2019-12-6 07:27 来自 新媒体聚合平台,【影响你明年的收入！#2020个税专项扣除开始确认#，速转攻略】2020年个税专项附加扣除已开始确认！2020年需享受专项附加扣除的纳税人，需进行确认或重新采集，以免影响明年的收入。重新确认怎么操作？未及时修正相关扣除信息，有什么影响？#年终奖个税怎么交#？戳图了解↓↓转发提醒！ ​​​​,7741,867,4939,Social affairs - local policy 
12/5/2019,2019,12,5,2019-12-5 16:47  已编辑,【中共中央办公厅、国务院办公厅印发#长城大运河长征国家文化公园建设方案#】中办、国办印发《长城、大运河、长征国家文化公园建设方案》，#2023年底基本完成国家文化公园建设#任务。 ​​​​,1140,723,12304,Government acts
12/5/2019,2019,12,5,2019-12-5 13:57 来自 新媒体聚合平台,【#退伍兵2年拍440套战地婚纱#：战友，你的幸福我记录！】90后退伍兵楼超和4个战友，退役后拿出全部退伍费开了一家军人婚纱照网店，专门为军人和军嫂服务。因为职业特殊性，有军嫂不远千里飞过来，有孩子出生九个月第一次与父亲合影。“虽然退伍了，还想着有能力回馈部队”！L湖北日报的秒拍视频 ​​​​,646,478,6368,Role model
12/5/2019,2019,12,5,2019-12-5 13:22 来自 微博视频,【四季如春的#昆明下雪#了！你那里下雪了吗？】12月5日，云南昆明迎来降雪，轿子雪山上也铺满厚厚的积雪，云南的小伙伴们很激动！戳视频在线赏雪↓↓#春城雪花到货#，还在盼雪的举手  L的微博视频 ​​​​,1145,1678,7650,Social affairs - environment
12/5/2019,2019,12,5,2019-12-5 11:54 来自 新媒体聚合平台,【#北京冬奥会志愿者招募正式启动# @ 小伙伴，加入志愿者的阵营】今天，北京2022年冬奥会和冬残奥会志愿者全球招募正式启动，计划招募2.7万名冬奥会赛会志愿者、1.2万名冬残奥会志愿者。#北京冬奥会志愿者招募网址#→O网页链接 听@蔡徐坤 @佟丽娅 唱《冬梦飞翔》↓http://t.cn/AieL34E1 ​​​​,22671,4330,58663,Social affairs
12/5/2019,2019,12,5,2019-12-5 11:23 来自 微博视频,#微盘点#【#2019是兵哥哥狗粮丰收年#】退出现役后，他直奔宿舍楼下向女友喊话；祖国界碑前，他向赶来的女友求婚；火箭军小哥哥一秒变新郎；弹壳做婚戒求婚演练数次…铁血男儿亦有柔情，右手敬礼，左手牵你；此生为国，此心为你！转，祝福可爱的他们！  L的微博视频 ​​​​,3658,2596,40897,Leisure
12/5/2019,2019,12,5,2019-12-5 08:14  已编辑,#唐山地震#【正式测定！#唐山4.5级地震#】中国地震台网正式测定：12月05日08时02分在河北唐山市丰南区（北纬39.31度，东经118.04度）发生4.5级地震，震源深度10千米。 ​​​​,1818,2266,9780,Social affairs - disaster
12/4/2019,2019,12,4,2019-12-4 08:40  已编辑,【#批弹窗广告#：不能想弹就弹，平台责无旁贷】打开电脑网页、登录手机客户端，一些形形色色的“弹窗”往往扑面而来，有信息推广，有商业广告…业内人士透露，多数弹窗都是推广公司与浏览器平台合作，按受众点击量收费并分成，#弹窗广告每次点击按0.1至0.3元收费#。#你被弹窗广告霸屏过吗#？  ​​​​...展开全文c,4065,4325,38212,Social affairs - consumer rights
12/3/2019,2019,12,3,2019-12-3 14:34 来自 新媒体聚合平台,【泪目！#国宾护卫队特殊退伍仪式#】老兵：“2388个日夜的陪伴，我视它为生命。我命令你，爱护车辆，要胜过爱自己。请接车！”新兵：“请放心，我一定会带着你的梦想，继续前进！”武警北京总队执勤第七支队国宾护卫队的特殊“接车”仪式↓↓↓感动！L央视军事的微博视频 ​​​​,549,406,5008,Role model
12/3/2019,2019,12,3,2019-12-3 14:05 来自 新媒体聚合平台,【少年的你，真帅！#14岁少年倒挂下井救出3岁女童#】11月30日晚，鹤壁一名3岁女童玩耍时不慎坠入30米深井中，但因井口只有30公分，成年人无法下井救人，女童被困4小时家属崩溃。这时，一名救援队队员叫来14岁儿子。在消防紧急培训后，14岁少年前后下井六七次，将女童救出。L一手video的秒拍视频 ​​​​,16313,6818,186595,Role model
12/3/2019,2019,12,3,2019-12-3 13:05 来自 微博视频,【#沈阳居民楼大火亲历者讲述惊险过程#：消防员挨家挨户敲门】2日21时许，沈阳浑南新区SR新城A座102号商住楼外墙保温材料发生火灾，沈阳消防235名消防员到场救援，298户居民安全疏散。家住21楼的王先生采访时表示，当时躲在小屋里，是消防员挨家挨户敲门将自己护送下楼。（央视）   ​​​​...展开全文c,579,914,10499,Role model
12/3/2019,2019,12,3,2019-12-3 11:49 来自 新媒体聚合平台,【#娃娃进娃娃机抓娃娃被卡# 娃娃：哇哇哇哇】12月1日，广东中山一小男孩和妈妈逛超市时路过娃娃机，趁妈妈不注意钻里面抓娃娃，不料爬进去出不来，吓得哇哇大哭，消防员接警到场将其救出。网友：咋钻进去的？L中国消防的秒拍视频 ​​​​,768,1707,10488,Bizzare
12/3/2019,2019,12,3,2019-12-3 10:49 来自 新媒体聚合平台,【如果你愿和导盲犬同行，请转发】导盲犬是温顺聪明、训练有素的工作犬，帮助视力残障人士正常出行。然而，它们被拒绝进入公共场所的尴尬却仍在上演。#导盲犬一生服役8-10年#，它们接受专业的训练，不是普通的狗狗，而是盲人的眼睛。今天#国际残疾人日#。尊重和关爱残疾人士，转发呼吁！ ​​​​,5786,1184,10213,Civic education
12/3/2019,2019,12,3,2019-12-3 10:20 来自 新媒体聚合平台 已编辑,【又酷又浪漫！#特战队员从天而降硬核求婚#】近日，武警苏州支队特战中队中士唐辉在退伍之际，最后一次以特战队员的身份，通过高空索降的方式求婚女友。他帅气的从天而降，其女友一句“我愿意”将气氛推向高潮。网友：他在部队的最后一个任务，是给一个姑娘一辈子的承诺！ L时间军事的秒拍视频 ​​​​,1019,1280,25579,Leisure
12/3/2019,2019,12,3,2019-12-3 10:00 来自 社会热点 · 视频社区 已编辑,#微盘点#【#视频版2019十大流行语#来了！】硬核、996、我太难/南了、柠檬精、我不要你觉得，我要我觉得……2日，《咬文嚼字》公布2019年十大流行语，视频带你了解↓↓你get了吗？  L人民日报的微博视频 ​​​​,6397,3145,31851,Leisure
12/3/2019,2019,12,3,2019-12-3 09:38 来自 新媒体聚合平台 已编辑,【#2020元旦火车票开售#！转发提醒 】2019最后一个月，2020元旦和春运火车票都要在本月开抢！今天，旅客可通过12306网站、12306手机客户端或拨打95105105订票电话，购买2020年元旦假期当日火车票。2020年1月10日将迎春运首日，#12月12日开抢春运首日车票#。(北京青年报) ​​​​,1605,1889,19042,Social affairs
12/3/2019,2019,12,3,2019-12-3 07:50 来自 新媒体聚合平台,【今天，你愿为他们发条微博吗】我国有8500多万残疾人，相当于#每16人中就有1名残疾人#。他们或许身有缺陷，但乐观开朗，“遇上了就面对，这就是人生”；他们可能生活艰难，却坚韧勇敢，“自己不放弃，谁也抛弃不了你”。今天，#国际残疾人日#，尊重关爱残疾人士，追梦路上，我们并无不同！ ​​​​,8374,1198,8718,Civic education
12/2/2019,2019,12,2,2019-12-2 22:57  已编辑,【愿平安！#沈阳居民楼起火#】今晚21：30左右，辽宁沈阳浑南区SR国际新城住宅区发生火灾。目前起火的是该住宅小区内的两栋高层居民楼。火势从低层向高层迅速蔓延，楼的外墙体及保温材料出现掉落。起火原因及现场是否有人员伤亡，目前尚不清楚。多辆消防车已到达现场进行扑火救援。L人民日报的秒拍视频 ​​​​,1611,3555,7102,Social affairs - trends
12/2/2019,2019,12,2,2019-12-2 19:54 来自 微博视频,【一家四代70年甘当乡村教师，坚守的故事令人泪目】胡清汝曾想当个军人，因父亲的坚持才成为一名乡村教师。他一度想过辞职，但孩子们那句“胡老师，你别走，你教我们吧！”让他再不愿离开这个岗位。如今，胡氏#一家四代人出了20多位乡村教师#，教过学生超2万。转发，致敬乡村教师！#故事里的中国#  ​​​​...展开全文c,2799,748,7759,Role model
12/2/2019,2019,12,2,12/2/2019 18:09,【医者仁心！谢谢你们】①代宇：在第8台手术准备间隙，他穿着手术服坐在地上睡着了；②周南：协和医学院博士，扎根西藏10年，建立起西藏第一个风湿免疫血液科；③王辉：心脏骤停不幸去世，捐出眼角膜让两位年轻人重见光明；④广西人民医院医护人员：手术时遭遇地震，临危不惧坚持手术。,2819,815,9430,Role model
12/2/2019,2019,12,2,2019-12-2 17:26  已编辑,【#近七成中小学生每天课外阅读少于1小时#】据《中小学读写现状调研报告（2019）》显示，约19.6%的受访者每天的阅读时间不足0.5个小时，50%的受访者每天阅读时间为0.5-1个小时（不包括1小时），而且随着年龄的提升，每天阅读时间不足1个小时的学生明显增多。#你每天阅读多久#？O近七成中小学生每天课外阅读低于1个小时 ​​​​,926,1222,5112,Social affairs - trends
12/2/2019,2019,12,2,2019-12-2 15:23  已编辑,【#美执意通过涉港法案中方宣布反制措施#：#中国宣布制裁美部分非政府组织#】12月2日，外交部发言人华春莹宣布：日前，美方不顾中方坚决反对，执意将所谓“香港人权与民主法案”签署成法，这严重违反国际法和国际关系基本准则，严重干涉中国内政，中方已就此表明坚决态度。针对美方无理行为，中国政府 ​​​​...展开全文c,2286,1887,15834,International affairs (China-US)
12/2/2019,2019,12,2,2019-12-2 14:26 来自 新媒体聚合平台,【#退伍时战友哭成泪人# 当过兵的人会懂，这就是战友情】男儿有泪不轻弹，只是未到分别时。又是一年退伍季，姚登安，在海军舟山舰服役十年，如今脱下军装，就要离开度过十年青春的地方，离开深爱的战友，这一天，战友们再也忍不住眼泪…这一别天南海北，还能再见吗？L中国军视网的微博视频 ​​​​,535,509,6055,Role model
12/2/2019,2019,12,2,2019-12-2 10:06 来自 新媒体聚合平台 已编辑,【“奇迹校长”！#山区校长让1645名女孩走出大山#】张桂梅，云南丽江华坪女子高级中学校长，她没有家庭、无车无房、一身病痛，却用“蜡炬成灰泪始干”般的执念，在大山深处建起一所专供贫困家庭女孩就读的免费高中，并用11年如一日的坚守，让1645名女孩走出大山、圆梦大学。L新华网的秒拍视频 ​​​​,2563,1095,13422,Role model
12/2/2019,2019,12,2,2019-12-2 08:03 来自 新媒体聚合平台,#微盘点#【2019，他们为你我的生命保驾护航】万米高空，他用嘴为老人导尿800毫升，使其转危为安；85岁高龄，她仍活跃在儿科门诊一线，为哮喘患儿坐诊；14年如一日，他默默捐款，帮助了数十位贫困病患…#医生是人不是神#，但他们怀着非凡的爱，用生命拯救生命↓↓谢谢你们的守护，也请照顾好自己。转！ ​​​​,2819,815,9430,Role model
12/1/2019,2019,12,1,2019-12-1 21:15 来自 新媒体聚合平台,【厉害！#中国队男子短道速滑5000米接力冠军#】12月1日，在2019-2020赛季国际滑联短道速滑世界杯名古屋站男子5000米接力决赛中，由武大靖、安凯、任子威、韩天宇、孙龙组成的中国队以7分02秒759的成绩夺冠。转发祝贺！@新华视点 ​​​​,2799,1775,29117,Achievements
12/1/2019,2019,12,1,2019-12-1 16:17 来自 微博视频,【振奋人心！#香港市民快闪联唱爱国歌曲#】12月1日上午，数百名香港市民前往尖沙咀钟楼，快闪合唱了国歌、《歌唱祖国》和《东方之珠》等歌曲。面对镜头，他们表达了止暴制乱、恢复秩序的正义呼声，祝福香港恢复安稳繁荣。#爱港人士尖沙咀快闪#  L人民日报的微博视频 ​​​​,917,963,12757,Patriotic acts/festivals
12/1/2019,2019,12,1,2019-12-1 16:00 来自 军事 · 视频社区,【#故宫初雪里老兵站完最后一班岗#】北京初雪之时，武警北京总队执勤第一支队即将退伍的老兵，迎着风雪站完了自己的最后一班岗。他们都参加过重大安保任务，奉献了青春，不辱使命。这是#故宫雪天里的告别#。转发致敬，再见老兵！L央视军事的微博视频 ​​​​,1749,878,18397,Role model
12/1/2019,2019,12,1,2019-12-1 13:32 来自 新媒体聚合平台,【转发扩散！#微信发原图可泄露位置信息#】近日，网传微信发照片时选择“发送原图”，可能会泄露拍摄定位，有专家表示的确如此，但需同时满足3个条件：①手机GPS定位已打开；②拍照设置保存了地理位置；③发送原图。#怎样保护照片隐私#？可在拍摄时选择关闭位置信息或不发送原图。L南京零距离的微博视频 ​​​​,4216,2794,45100,Civic education
12/1/2019,2019,12,1,2019-12-1 13:02 来自 冰雪项目 · 视频社区,【优雅！#北京冬奥会飞天飘带亮相#】28日，@清华大学 团队主持设计的#北京冬奥会首钢滑雪大跳台完工#。跳台造型设计来自敦煌“飞天”飘带，曲线优美，飘逸灵动。这是全球首座单板大跳台运动永久跳台，也是冬奥史上第一座与工业遗产再利用直接结合的竞赛场馆。网友评价：优雅L清华大学的微博视频 ​​​​,1541,809,15790,Achievements
12/1/2019,2019,12,1,2019-12-1 11:20 来自 微博视频,【#90后梗王袁隆平上线#：我手上有10个“螺”】28日民警为袁隆平采集指纹时，袁老开心地“炫耀”：我有10个螺纹。也许你不知道，袁老接受采访时，抛梗技术一流，“资深90后帅哥”拒绝加入老年队，毕生所求就是让所有人都吃饱饭！戳视频↓↓见识“十个螺”的风采。#袁隆平有十个螺#   ​​​​...展开全文c,13143,14904,240531,Role model
12/1/2019,2019,12,1,2019-12-1 10:00 来自 微博视频 已编辑,【#白岩松评高以翔去世#：一边是痛心，一边是担心】11月30日，白岩松在节目中谈到“本周让很多人都痛心的新闻，是高以翔在录制娱乐节目时猝死”。“黄金四分钟”内没有专业医护人员和急救设备，救护车也因路障没有及时到位。或许及时急救也不能将他挽回，但至少可以护住更多生的机会。（央视）   ​​​​...展开全文c,5255,4905,45692,Social affairs - celebrity
12/1/2019,2019,12,1,2019-12-1 09:21 来自 新媒体聚合平台,【总有人在默默爱你#小伙为独自庆生的老人偷偷买单#】27日，辽宁鞍山，69岁的王阿姨自己买了蛋糕庆生，在饭店吃饭时想起在外地工作的儿子、去世多年的丈夫，不禁想给儿子拍视频，希望下个生日有儿子陪。旁边桌一个小伙看后十分感动，偷偷为阿姨买单，临走前还送上生日祝福。L一手video的秒拍视频 ​​​​,2224,1953,32455,Role model
12/1/2019,2019,12,1,2019-12-1 07:30  已编辑,【转存！#艾滋越早治疗预期寿命越长# 你需要了解的HIV新知识】据卫健委，全国报告存活艾滋病感染者95.8万。新报告感染者中，96%以上经性途径感染。同时，#每年3000例青年学生感染艾滋病#。你知道HIV可以阻断或预防吗？有需要时，该去哪里求助检测？今天，#第32个世界艾滋病日#，转发了解，消除歧视！ ​​​​,4844,1324,9463,Civic education
11/30/2019,2019,11,30,2019-11-30 20:39  已编辑,【#2019最后一个月# 这些事记得抓紧办】2019年还剩最后一个月，还有哪些事要抓紧办？①年假记得休完；②2019年医药费记得报销；③2020年城乡居民医疗保险记得缴纳；④养老金记得通过社保卡领取；⑤春节回家火车票记得抢...转存提醒！ ​​​​,1033,468,2272,Civic education
11/30/2019,2019,11,30,2019-11-30 20:04 来自 专业版微博,【看不够！加了BGM的#故宫的雪#第三弹】雪落紫禁城，你想和谁一起看？@故宫博物院 #故宫堆雪人大赛# L的微博视频 ​​​​,13802,5238,58256,Leisure
11/30/2019,2019,11,30,2019-11-30 19:27 来自 专业版微博,【除了自己都是敌人！包头迎入冬初雪，#大学生乱斗式打雪仗#】29日，内蒙古包头迎冬日初雪，@内蒙古科技大学 的学生走上操场，堆雪人打雪仗，场面震撼。学生称今年还没放假就下雪，大家都很兴奋，打雪仗时根本分不清谁是谁，除了自己都是敌人。网友：一时不分南北，都像极了没见过雪的亚子 ​​​​...展开全文c,2480,2642,18746,Leisure
11/30/2019,2019,11,30,2019-11-30 15:55 来自 新媒体聚合平台,【#扫黑办公布又一埋尸案#：埋尸国道17年 61人落网】湖南新晃“操场埋尸案”彻底查清后，昨天，全国扫黑办首次披露了青海“109国道埋尸案”，该案发生在17年前，受害者名为马生珍，元凶马成绰号牙板，已于今年6月被缉拿归案。目前受害人尸骸已经起获，抓获犯罪嫌疑人61名。O重磅！全国扫黑办公布又一“埋尸案” ​​​​,548,855,8679,Crime & court
11/30/2019,2019,11,30,2019-11-30 13:11 来自 新媒体聚合平台,【为这些飞奔救人的身影点赞！#生日宴吃一半消防员全跑了#】11月27日，江西宜春，消防员的生日宴吃到一半，听到队门口有人喊救命，他们丢下碗筷就冲了出去…离消防队不远处发生一起车祸，一女子被压在大货车底下。最终被困女子被救出，移交给了医护人员。L江西消防的微博视频 ​​​​,659,772,12044,Role model
11/30/2019,2019,11,30,2019-11-30 12:03 来自 新媒体聚合平台,【女逃犯劳荣枝落网，20年前#抓捕劳荣枝男友枪战视频曝光#】28日，杀害7人后潜逃20年的劳荣枝在厦门落网。1996年起，劳荣枝和男友法子英流窜各地，用“仙人跳”形式绑架并残忍杀害7人。1999年，法子英被枪决。11月29日，@合肥警方 曝光了20年前抓捕法子英时惊心动魄的枪战过程。L合肥警方的微博视频 ​​​​,1380,1523,15914,Crime & court
11/30/2019,2019,11,30,2019-11-30 11:24 来自 新媒体聚合平台,【祖国辽阔系列！#北京下雪广东开花#，美丽异木棉花海盛放】#故宫的雪#很美，但广州的花也不差！近日，广州天气晴好，美丽异木棉竞相盛开，广州大学华软软件学院是规模最大的赏花点，拥有300多棵异木棉，不少同学在花下拍照留影。戳视频↓网友：来自广东同学的反击…L新快报的秒拍视频 ​​​​,6585,6200,103862,Social affairs - environment
11/30/2019,2019,11,30,2019-11-30 10:40 来自 新媒体聚合平台,【屡遭#BBC主持人无礼打断驻英大使当场回击#】当地时间26日，驻英大使刘晓明接受英国广播公司《尖锐对话》主持人斯蒂芬·萨克专访，就涉港、涉疆、中国和平发展道路等问题阐释中方立场。采访过程中，主持人带着偏见发出尖锐提问，并多次打断讲话，驻英大使刘晓明当场有力回击。L燃新闻的秒拍视频 ​​​​,3703,4977,40740,International affairs (China related)
11/30/2019,2019,11,30,2019-11-30 10:04 来自 新媒体聚合平台,【出国有它才安心！#外交部魔性推荐海外出行爆款#】什么书“真的非常实用、非常值得拥有”？什么配色看起来安全感满满？外交部魔性推荐海外出行必备爆款，戳↓↓还有多少人不知道这个电话：+86-10-12308，海外寻求领事保护，打它！打它！打它！L领事之声的微博视频 ​​​​,2403,750,10802,Civic education
11/30/2019,2019,11,30,2019-11-30 09:41 已编辑,【十二月起，这些新规将影响你我生活】#一批新规12月起施行#①运营商不得拒绝或拖延携号转网；②《生活垃圾分类标志》标准正式实施；③办理手机号需要人像比对；④新版《食品安全法实施条例》施行…详戳↓转存，与你我有关！#你好12月#@中国政府网 ​​​​,3,1717,617,Civic education
11/30/2019,2019,11,30,2019-11-30 08:42 来自 新媒体聚合平台,【#退役缉毒犬尔腾去世#，曾离家出走欲独自死亡】尔腾是一只德国牧羊犬，在云南大黑山和民警们一起缉毒10年，被称为“老班长”。29日，尔腾去世，民警将它葬于单位高处的果林里，面对大黑山口岸的国门方向。尔腾曾于2018年离家出走，民警说：它不想死在主人身边。L点赞Video的秒拍视频 ​​​​,1945,2114,24922,Leisure
11/29/2019,2019,11,29,2019-11-29 23:03 来自 新媒体聚合平台,【人民微评：总有一句网络流行语扣动心弦】时光舒卷，岁月漫漶，网络流行语新陈代谢，兀自风光。它们是网民的口头禅，是纷繁的时代表情，也是窥测世相的聚光灯。不管它们流行多久，生命力是否顽强，总有一句不经意间敲打我们的心灵。和其光，同其尘，在流转中感受不期而遇的温暖。 ​​​​...展开全文c,2395,688,7640,Leisure
11/29/2019,2019,11,29,2019-11-29 21:02 来自 排球 · 视频社区 已编辑,【独家视频：#专访朱婷#：25岁25问】今天是朱婷25岁生日。人们只看到风光无限，但“高处不胜寒“的滋味只能独自品尝。朱婷意识到对面的阻力渐渐大了，但当困难来临，反而变得坦然：人不可能一直顺遂，我能做的，只有让自己更强大。祝朱婷生日快乐！（记者郑轶、李长云）@体育  ​​​​...展开全文c,1691,1306,16732,Role model
11/29/2019,2019,11,29,2019-11-29 20:14 来自 微博视频,【#医生改编野狼disco#：为了让病人听话，医生们也是操碎了心】“来左边跟我一起管住嘴，在你右边再迈开腿”“在你心头再千万记住少发愁，一天三顿少吃油”...近日，四川省人民医院健康管理中心的医护人员改编出演《野狼医生DISCO》，唤起大家的健康意识。戳视频↓记得听医生话哦~   ​​​​...展开全文c,18412,5036,150179,Civic education
11/29/2019,2019,11,29,2019-11-29 19:15  已编辑,【有多少人在等#故宫初雪#？】据气象北京，2019年北京#初雪#准时出现。2019年11月29日下午14时许北京开始出现降雪，截止到18时，昌平、延庆、怀柔等11个站点出现降雪，达到初雪标准。你也在等雪落紫禁城吗？（旧图/@故宫博物院） ​​​​,3638,1796,15525,Social affairs - environment
11/29/2019,2019,11,29,2019-11-29 16:27  已编辑,【中将禁止有关涉港法案的美议员入境？外交部回应】有媒体表示中国正考虑将起草“香港人权与民主法案”的美议员列入禁止入境名单，是否考虑采取该措施？耿爽回应：我们的原则立场是，签证问题是一国的主权，中国政府当然有权决定允许谁入境，不允许谁入境。那些#不受欢迎的人自然不会被允许入境#。（人 ​​​​...展开全文c,856,1839,13002,International affairs (China-US)
11/29/2019,2019,11,29,2019-11-29 14:41 来自 新媒体聚合平台,【#南京大屠杀新确认一名死难者#】近日@侵华日军南京大屠杀遇难同胞纪念馆 新确认一名南京大屠杀死难者——周万荣。他的女儿陶秀华（原名周成娣）当年10岁，她和小妹目睹父亲被日军抓走，再没回来。今天周万荣的名字被刻在遇难者名单墙上，成为#第10665个名字#。转发，铭记历史！L侵华日军南京大屠杀遇难同胞纪念馆的微博视频 ​​​​,3661,2468,76615,Civic education
11/29/2019,2019,11,29,2019-11-29 14:12 来自 新媒体聚合平台,【让人泪奔的30秒#派出所所长工作时昏倒被同事抬出#】10月21日，江苏邳州市公安局邢楼派出所所长吴峰布置涉黑案工作时，突然昏倒，经一个多月与死神抗争，于11月28日凌晨离世，年仅45岁。扫黑除恶专项斗争开展以来，吴峰放弃节假日休息，日夜奋战侦办黑恶犯罪案件第一线。转发送别！ ​​​​...展开全文c,1369,2180,19413,Role model
11/29/2019,2019,11,29,2019-11-29 13:45 来自 军事 · 视频社区,【帅呆了！#40秒看兵哥哥玩转方向盘#】漂移入库、背对背、“S”型路后倒击靶…#兵哥哥硬核驾驶技术#又双叒叕来了↓你见识过吗？网友：好过瘾！然而我科目二还没过L央视军事的微博视频 ​​​​,1308,1113,15185,Role model
11/29/2019,2019,11,29,2019-11-29 13:20 来自 新媒体聚合平台,【#你没见过的便衣警察画面# 致敬这些“潜行者”！】他们没有制服，满身的伤痕就是他们的勋章。他们是便衣警察，潜伏于人海之中，默默守护着万家安宁。转发，致敬默默奉献的无名英雄，#他们把警服穿在了心里#！L龙泉警方的微博视频 ​​​​,12702,3170,67596,Role model
11/29/2019,2019,11,29,2019-11-29 12:48 来自 微博视频,【微视频 | #开放中国24小时#】一天24小时，开放的中国在发生什么？7点，茶乡晨韵连接海丝文化；9点，智博会汇聚全球“黑科技”；12点，莫高窟迎接海内外游客；凌晨1点，青岛港灯火通明联通陆路海上…戳视频↓倾听中国与世界携手奋进的故事！#中国24小时#  L的微博视频 ​​​​,2600,728,10696,Patriotic acts/festivals
11/29/2019,2019,11,29,2019-11-29 12:02 来自 新媒体聚合平台,【#带犬民警5天把哈士奇训练成警犬# 网友：隔着屏幕都感受到民警的艰难】哈士奇，人送外号“撒手没”，带犬民警们接到“不可能完成的任务”，要在5天内对成年哈士奇进行训练，民警听到这个任务，露出了尴尬又不失礼貌的微笑…L小央视频的秒拍视频 ​​​​,1794,1521,17367,Leisure
11/29/2019,2019,11,29,2019-11-29 11:28  已编辑,【教育部：2023年前#实验操作将被纳入初中学业水平考试#】近日，教育部发布了《关于加强和改进中小学实验教学的意见》。意见要求，在2023年前，要将实验操作纳入初中学业水平考试，考试成绩纳入高中阶段学校招生录取依据；在普通高中学业水平考试中，有条件的地区可将理化生实验操作纳入省级统一考试。 ​​​​...展开全文c,1052,3108,28183,Social affairs - local policy 
11/29/2019,2019,11,29,2019-11-29 11:00 来自 新媒体聚合平台,【#今冬我国最大范围降雪将至#，你期待下雪吗？】中央气象台消息，29日至30日，西北地区东部、华北、东北地区等地自西向东将出现小到中雪或雨夹雪，局地大雪。这次降雪过程将会是今冬以来范围最大的一次。北京、石家庄、太原、郑州等城市或将迎来今冬初雪。你那里下雪了吗？ ​​​​,796,1318,3636,Social affairs - environment
11/29/2019,2019,11,29,2019-11-29 09:45 来自 微博视频,【#别人家学校的选修课#，好嗨哟】近日，厦大几百人抢30个名额的帆船课引发热议，刺激的运动成为正式授课内容，网友直呼“神仙课程”！其实，还有许多高校开设了有趣的选修课，用家乡话给小猪佩奇配音的方言课、粗犷雄浑的安塞腰鼓课、英姿飒爽的马术课…戳↓↓聊聊你上过#最有趣的选修课#~   ​​​​...展开全文c,1798,2023,21011,Leisure
11/29/2019,2019,11,29,2019-11-29 09:21 来自 新媒体聚合平台,【#孔繁森 不该被遗忘#】他生前任阿里地委书记，将一腔热血洒向高原；他跨高山，涉深谷，过草原，访藏胞，跑遍98个乡，行程达8万多公里；他几次爬到海拔近5000米的山顶采集水样，帮群众解决饮水问题；他用自己不高的收入长期收养藏族孤儿，为患病的藏胞送医送药…1994年的今天，孔繁森殉职。缅怀！ ​​​​,2059,943,12340,Role model
11/29/2019,2019,11,29,2019-11-29 08:05 来自 新媒体聚合平台,【#2017和2019网络流行语对比#：句句戳你】2017年，“奔三”只是一个“扎心了”的话题；2019年，“奔三”真的进入倒计时。90后感慨“我太难了”之余，却发现2年前最爱用的话，如今已成为#有年代感的网络流行语#。“你有freestyle吗”“还有这种操作”“皮皮虾我们走”…戳↓↓哪句曾是你的最爱？ ​​​​,16525,5003,139237,Leisure
11/28/2019,2019,11,28,2019-11-28 23:38  已编辑,【#九寨沟景区对散客开放#：单日游客接待最大量上调至2万人次】九寨沟管理局发布通告，景区28日起开始对散客开放。根据该通告，#九寨沟单日最多接待2万游客#。目前，景区执行淡季门票，门票80元/人，车票80元/人，门票、车票实行全网实名制预购。想去看吗？O网页链接 L的微博视频 ​​​​,1786,1523,10827,Leisure
11/28/2019,2019,11,28,2019-11-28 22:27  已编辑,【#异形纪念币泰山币开始兑换#！每人限购20枚】中国人民银行定于今日发行世界文化和自然遗产——泰山普通纪念币，发行数量1.2亿枚。泰山币正面图案为中华人民共和国国徽，国徽上方刊“中华人民共和国”，下方为装饰风格的泰山图案并刊“2019”字样；背面主景图案为泰山。O中国人民银行定于11月28日发行世界文化和自然... ​​​​,1320,5415,44448,Social affairs - economics
11/28/2019,2019,11,28,2019-11-28 18:06 来自 微博视频 已编辑,【#耿爽谈反制美涉港法案#：#该来的早晚会来#】美国总统特朗普签署“香港人权与民主法案”，中方表示将对美方进行坚决反制。对于记者关于反制措施是否立即出台的提问，耿爽表示：对于美方干涉中国内政、损害中方利益的行径，中方必将采取有力措施坚决反制。任何人都不要低估中方维护国家主权、安全、发 ​​​​...展开全文c,2354,4376,53843,International affairs (China-US)
11/28/2019,2019,11,28,2019-11-28 17:28  已编辑,【#12月2日起全国统一换发记者证#】国家新闻出版署下发通知：决定从2019年12月2日至2020年3月31日，统一换发全国新闻单位的新闻记者证。2019年版新闻记者证由国家新闻出版署统一印制，不收取任何费用，换发期间，旧版新闻记者证继续有效使用。2020年3月31日后旧版将全部作废。#新版记者证# ​​​​...展开全文c,953,1346,18092,Social affairs - local policy 
11/28/2019,2019,11,28,2019-11-28 16:34  已编辑,【#你家离雪花还有多远#？#各地初雪到货时间表#】华北等地今冬初雪终于安排上了！各地初雪到货时间：太原：29日白天；北京、石家庄：29日傍晚到30日凌晨；天津、郑州、济南：29日夜间到30日早晨。而对于南方大部分来说，此轮过程主要还是以降雨为主，#南方今冬初雪缺货中#。O全国盼雪地图出炉 这些地方即将盼来今冬初雪！ ​​​​,1308,1749,4908,Social affairs - environment
11/28/2019,2019,11,28,2019-11-28 13:21  已编辑,【 #外交部召见美国驻华大使#：就美涉港法案签署成法提出严正交涉】今日，中国外交部副部长乐玉成召见美国驻华大使布兰斯塔德，就美“香港人权与民主法案”签署成法提出严正交涉和强烈抗议。　　乐玉成指出，美方将所谓“香港人权与民主法案”签署成法，此举严重干预香港事务，严重干涉中国内政，严重 ​​​​...展开全文c,546,1312,5275,International affairs (China-US)
11/28/2019,2019,11,28,2019-11-28 13:12 来自 新媒体聚合平台,【转发送别！#硬核国安爷爷孙彪走了#】他是#国家安全部最后一位红军战士#，是隐蔽战线上出生入死的勇士，他曾跟随毛泽东、周恩来同志战斗在敌我斗争的最前沿，他曾多次誓死守护党中央核心密码，忠诚无悔、隐姓埋名八十余载。27日，传奇机要员孙彪同志遗体送别仪式在八宝山殡仪馆举行。 ​​​​...展开全文c,19252,27272,292083,Role model
11/28/2019,2019,11,28,2019-11-28 12:31 来自 微博视频,【各有特色！#新闻发言人妙语集锦#】27日，国台办新任发言人朱凤莲首次公开亮相，并用闽南语和客家话打招呼。越来越多发言人凭借独特魅力成为“网红”，妙用成语、一本正经念网友ID、幽默回应…他们时而霸气，时而犀利，有力有节地发出中国声音！#你被哪位发言人圈了粉#？  L的微博视频 ​​​​,3166,1495,27176,Leisure
11/28/2019,2019,11,28,2019-11-28 11:57  已编辑,【好消息！国家#医保药品新增70个平均降价6成#】近日，国家医保局、人力资源社会保障部公布了谈判药品准入结果，70个新增、27个续约药品共计97个药品经过谈判进入医保目录。本次谈判119个新增谈判药品谈成70个，价格平均下降60.7%。三种丙肝治疗用药降幅平均在85%以上，肿瘤、糖尿病等治疗用药的降幅平 ​​​​...展开全文c,951,1069,7257,Social affairs - local policy 
11/28/2019,2019,11,28,2019-11-28 11:28  已编辑,【70倍太阳质量！#中国科学家发现迄今最大恒星级黑洞#】北京时间28日凌晨，国际科学期刊《自然》发布了中国科学院国家天文台刘继峰、张昊彤研究团队的一项重大发现。依托我国自主研制的国家重大科技基础设施郭守敬望远镜（LAMOST），研究团队发现了一颗迄今为止质量最大的恒星级黑洞，并提供了一种利用 ​​​​...展开全文c,1001,840,7718,Achievements
11/28/2019,2019,11,28,2019-11-28 10:37  已编辑,【#香港中联办回应美将涉港法案签署成法#：中方将采取有力措施予以坚决反制】中央人民政府驻香港特别行政区联络办公室11月28日发表声明，对美方所谓“2019年香港人权与民主法案”签署成法，表示极大愤慨和最强烈谴责。　　声明指出，近一个时期以来，美国国会和一些政客，罔顾香港五个多月来持续发生 ​​​​...展开全文c,657,1167,6750,International affairs (China-US)
11/28/2019,2019,11,28,2019-11-28 10:23  已编辑,【#港澳办强烈谴责美将涉港法案签署成法#：美方就是搞乱香港的最大黑手】国务院港澳事务办公室11月28日发表声明，对美方将“香港人权与民主法案”签署成法表示强烈谴责。,415,1030,4818,International affairs (China-US)
11/28/2019,2019,11,28,2019-11-28 09:40  已编辑,【#外交部回应美国签署涉港法案# 只会让中国人民更加众志成城！】美方将所谓“香港人权与民主法案”签署成法，此举严重干预香港事务，严重干涉中国内政，严重违反国际法和国际关系基本准则，是赤裸裸的霸权行径，中国政府和人民坚决反对。　　香港回归祖国以来，“一国两制”取得举世公认的成功，香港 ​​​​...展开全文c　　香港回归祖国以来，“一国两制”取得举世公认的成功，香港 ​​​​...展开全文c,661,1245,5921,International affairs (China-US)
11/28/2019,2019,11,28,2019-11-28 08:36  已编辑C,#涉嫌对博主宇芽家暴男子被行拘#【#宇芽前男友被行拘20日#】公安机关通报：11月25日，在微博主“宇芽YUYAMIKA” （何某某，女，28岁）网上反映被其前男友微博主“沱沱的风魔教”（陈某，男，44岁）家暴后，相关部门立即开展调查处理。       江北区公安机关经调查，陈某自2019年4月初至2019年8月底多 ​​​​...展开全文c,1388,4161,50667,Crime & court
11/27/2019,2019,11,27,2019-11-27 20:47  已编辑,#评操场埋尸案#【#人民锐评#：从“操场埋尸案”中汲取深刻教训】近日，湖南新晃“操场埋尸案”尘埃落定。公平正义在迟到16年后，终于归位。正义之所以迟到，甚至差点缺席，症结就在于，杜少平的舅舅、时任新晃一中校长黄炳松编织了一张巨大“关系网”，当地公安机关多名执法人员被网罗其中。这 ​​​​...展开全文c,855,1487,6847,Crime & court
11/27/2019,2019,11,27,2019-11-27 20:32 来自 微博视频,【好赞！#雪龙2号首航南极破冰现场#视频】“雪龙2”号是我国第一艘自主建造的极地科学考察破冰船，戳视频↓↓↓看首航南极的“雪龙2”号强大的破冰能力。双龙闯南极，加油！（中国第36次南极科学考察队陈君懿、张旭德）  L的微博视频 ​​​​,2805,1736,24470,Achievements
11/27/2019,2019,11,27,2019-11-27 19:43  已编辑,【灭完火，#消防员手抖到挑不起泡面#】24日22时，江西进贤一厂房起火，消防紧急处置。战斗一直持续到次日凌晨才结束，但当天风较大，消防员们一边坚守现场防止复燃，一边轮流吃泡面充饥。因长时间体力消耗，有消防员抖到叉子挑不起面条，旁边队友没吃完就睡着了。 辛苦了！L江西消防的微博视频 ​​​​,1446,2255,23220,Role model
11/27/2019,2019,11,27,2019-11-27 19:04  已编辑,【转存AED使用方法，关键时刻能救命！】心脏骤停抢救黄金时间为4分钟，救治猝死病人时，一分钟内使用AED（自动体外除颤仪），病人存活率能高达90%。专家呼吁#在公共场所广泛配备AED#，教会公众使用。#急救培训是否应纳入学校课程#？戳视频↓多一个人学会，就可能多救一条人命！L深圳卫健委的微博视频 ​​​​,30950,2950,50326,Civic education
11/27/2019,2019,11,27,2019-11-27 18:01  已编辑,【中青年患心梗比例上升 专家：普及救急技能，#在公共场所广泛配备AED#】高强度、高压力、高度紧张、持续过劳的工作状态正成为年轻人猝死的重要诱因。据国家心血管病中心，#我国每年心源性猝死者55万#。专家呼吁：将急救知识培训纳入制度规定，公共场所广泛配备AED(自动体外除颤器)，教会公众使用。 ​​​​...展开全文c,7700,8834,216710,Civic education
11/27/2019,2019,11,27,2019-11-27 17:25  已编辑,【#华北部分地区或迎初雪#！#中东部地区将有雨雪天气#】28日夜间至30日，西北地区东部、华北、东北地区、黄淮北部等地自西向东将出现小到中雪或雨夹雪，局地大雪；西南地区东部、黄淮南部、江淮、江汉、江南等地有小雨，局地中雨。据@中国天气 北京、石家庄、天津有望初雪。O网页链接 ​​​​,618,915,3153,Social affairs - environment
11/27/2019,2019,11,27,2019-11-27 16:56  已编辑,【#耿爽 美国无法同中国相提并论#】25日，美国驻德国大使格雷内尔发表声明称，中美无法在道德上相提并论。对此，耿爽表示：美国确实无法在道德层面同中国相提并论。在国际社会大家庭里，中国始终维护和平，促进发展，坚守道义，同各国携手构建人类命运共同体。美国却损人利己，唯我独尊，背信弃义，在 ​​​​...展开全文c,1868,2350,38725,International affairs (China-US)
11/27/2019,2019,11,27,2019-11-27 15:41  已编辑,【转存这段视频！每个人都该掌握的#五步心肺复苏法#】在中国，几乎每分钟发生一次心脏猝死事件，而我国心脏骤停的抢救成功率不到1%！在最初4—6分钟黄金时间，有效实施心肺复苏将赢得宝贵抢救机会！多一人学会心肺复苏，就可能多救一条人命。扩散！ #什么是心脏骤停黄金4分钟# L的微博视频 ​​​​,55283,4494,86042,Civic education
11/27/2019,2019,11,27,2019-11-27 15:14  已编辑,【零容忍！对家庭暴力说不】暴力，对每一位家庭成员都是伤害，是家庭关系中的“癌症”。受伤害的TA，可能就是你的亲人、朋友。家庭暴力只是身体暴力吗？有多少人正在遭受家庭暴力？万一发生，#如何应对家暴#？戳↓↓↓面对家暴，不要隐忍沉默，勇于拿起法律的武器，维护合法权益！ ​​​​,1883,708,6328,Social affairs
11/27/2019,2019,11,27,2019-11-27 12:57  已编辑,【#心脏骤停黄金4分钟#，及时且正确的抢救非常关键】中国平均每年约有54.4万人猝死，猝死主要原因是心脏骤停。研究表明90％以上心脏骤停发生在医院之外，心肺复苏是抢救心脏骤停最有效方法。遇到有人晕倒，如何判断他是否为心脏骤停？正确心肺复苏该怎么做？戳↓#五步心肺复苏法#L中国科普博览的秒拍视频 ​​​​,33794,3569,69314,Civic education
11/27/2019,2019,11,27,2019-11-27 11:08 来自 微博视频,【#领航强军新时代#：#走近英雄飞行员张超#】张超，“人民英雄”国家荣誉称号获得者，海军某舰载航空兵部队原一级飞行员。16年4月执行任务突遇险情，为挽救战机放弃4.4秒逃生机会，壮烈殉职，年仅29岁。生命最后时刻，他最割舍不下的仍然是飞行。戳视频↓今天，我们一起走近英雄！   ​​​​...展开全文c,702,537,4812,Role model
11/27/2019,2019,11,27,2019-11-27 10:40  已编辑,【#国台办新任发言人朱凤莲首次亮相#】27日上午，国务院台湾事务办公室举行例行新闻发布会。国台办新任发言人朱凤莲首次公开亮相。O国台办新任发言人朱凤莲首次亮相（图） L的秒拍视频 ​​​​,377,986,8797,Government acts
11/26/2019,2019,11,26,2019-11-26 16:05  已编辑,【#湖南操场埋尸案彻底查清#！#操场埋尸案19名涉案公职人员被处理#】记者从湖南省扫黑办和怀化市委获悉，在扫黑除恶专项斗争中深挖出的历史积案新晃“操场埋尸案”（邓世平被杀案）已经彻底查清，杜少平及其同伙罗光忠被依法逮捕，并以涉嫌故意杀人罪被提起公诉；该案涉及的黄炳松等19名公职人员分别受 ​​​​...展开全文c,2273,1572,15485,Crime & court
11/26/2019,2019,11,26,2019-11-26 14:30 来自 微博视频,【#外交部全球推介青海宣传片#：一起看大美青海】这里有闻名世界的可可西里，这里有穿越时空的唐蕃古道，这里有“中国聚宝盆”柴达木盆地…这里是青海。这里是当地人们欢乐祥和的宝地，也是无数旅行者的梦想天堂。戳视频↓↓领略大美青海！（记者贾丰丰）  L的微博视频 ​​​​,3946,2060,14820,Leisure
11/26/2019,2019,11,26,2019-11-26 13:46  已编辑,【#重庆警方回应网友遭家暴#：相关部门对“宇芽YUYAMIKA”反映被家暴一事开展调查】25日17时许，微博主“宇芽YUYAMIKA”（何某，女，28岁）发布微博称自己被前男友网民“沱沱的风魔教”（陈某，男，44岁）家暴。市、区妇联将为当事人提供帮助和服务。江北区政法部门已依法开展调查处理。@【#重庆警方回应网友遭家暴#：正核查情况】昨天，@宇芽YUYAMIKA 发布视频说：“我被家暴了”，并表示对所有话语负责。视频显示，其在电梯内遭男子拖拽；宇芽称，被拖出电梯后，她又被掐脖子，甚至被抓着头往墙上撞。有网友分析，家暴发生地在重庆江北某住宅小区。重庆江北区警方回应，正在核查相关情况 ​​​​...¡查看图片展开全文c,2896,3883,52395,Bizzare
11/26/2019,2019,11,26,2019-11-26 12:33  已编辑,【#重庆警方回应网友遭家暴#：正核查情况】昨天，@宇芽YUYAMIKA 发布视频说：“我被家暴了”，并表示对所有话语负责。视频显示，其在电梯内遭男子拖拽；宇芽称，被拖出电梯后，她又被掐脖子，甚至被抓着头往墙上撞。有网友分析，家暴发生地在重庆江北某住宅小区。重庆江北区警方回应，正在核查相关情况 ​​​​...¡查看图片展开全文c,2896,3883,52395,Bizzare
11/26/2019,2019,11,26,2019-11-26 11:58  已编辑,【暖心！#交警不顾危险托举光缆疏导交通#】22日早高峰时间，四川绵阳游仙区流量最大的游仙路六里村路口，数十根光缆线掉落导致交通被阻断。为保障辖区市民出行，@绵阳交警三大队 民警何维在确定是不带电的光缆后，不顾危险站立于车上托举光缆，全力疏导交通。在他的“托举”下，车辆通行恢复正常。 ​​​​...展开全文c,487,925,8397,Role model
11/25/2019,2019,11,25,2019-11-25 20:54 来自 微博视频,【寒潮再袭！#朱广权段子手式天气播报上新#】中央气象台今天继续发布寒潮蓝色预警，朱广权：受冷空气影响，我国自北向南开启“速冻模式”。冷空气冻得你脸上青一阵紫一阵白一阵，在你腮边画彩虹，你也只能翻出秋衣秋裤棉袄棉裤，再在外边套羽绒。网友：手语老师还好吗？（央视）  L的微博视频 ​​​​,1007,1257,13599,Social affairs - environment
11/25/2019,2019,11,25,2019-11-25 20:14  已编辑,【#人民锐评#：#止暴制乱仍是香港当前最紧迫的任务#】近一段时间，一些人为了收割选举“果实”、假意呼吁停止暴力，有的希望暴徒暂时收手、待选举后“重新出发”，有的叫嚣选举后要解救被捕的犯罪分子。这也暴露出他们“假和平真暴力”的虚伪本性和险恶用心。所以，尽管选举前后，香港社会秩序有向好倾 ​​​​...展开全文c,1047,2062,7987,Hong Kong
11/25/2019,2019,11,25,2019-11-25 18:44  已编辑,【 #2019中国最具幸福感城市#榜单出炉，有你的家乡吗】今天，“2019中国最具幸福感城市”发布：成都、杭州、宁波、西安、广州、长沙、温州、台州、铜川、徐州10座城市被推选为“2019中国具幸福感城市”。其中，#杭州连续13年入选最具幸福感城市#，被授予“幸福示范标杆城市”。@瞭望东方周刊 ​​​​,2466,4617,21498,Social affairs - trends
11/25/2019,2019,11,25,2019-11-25 12:35 来自 微博视频,【#南京下雪#登上热搜，你那儿有动静了吗？】据@南京交警 今天早上，南京长江四桥上空飘起雪花。你那儿下雪了吗？#你希望哪里的雪争气一点#[doge]  L的微博视频 ​​​​,1046,2334,10671,Social affairs - environment
11/24/2019,2019,11,24,2019-11-24 22:35 来自 微博视频,【泪目！#警卫员追忆邓稼先去世前对妻子说的话#】1964年10月16日，中国第一颗原子弹爆炸成功。邓稼先的警卫员游泽华回忆，邓稼先去世前曾对爱人说：“要是有来世，我还是选择中国，选择核武器事业，选择你！”为了祖国，多少人干惊天动地事，做隐姓埋名人。转发，致敬！  L的微博视频 ​​​​,2013,825,12302,Role model
11/24/2019,2019,11,24,2019-11-24 22:11  已编辑,【“你先别挂，我们再聊聊！”#接警员通话近40分钟救下轻生少女#】11月19日，安徽池州。110指挥中心接到来电，女孩称自己打错了，但声音支吾，还有抽泣声，引起接警员注意。聊天中女孩透露吃了大量助眠抗抑郁药物。接警员保持通话近40分钟，通知民警赶往女孩家中，将其送医。L池州公安在线的微博视频 ​​​​,812,790,11563,Role model
11/24/2019,2019,11,24,2019-11-24 21:44 来自 军事 · 视频社区,【高燃预警！#70秒视频全纪录特战勇士的训练日常#】要想在战场上所向披靡，就必须在训练场上百炼成钢！70秒视频全记录，浓缩武警新疆总队特战勇士们的训练日常↓隔着屏幕都感到热血贲张。转发，致敬最可爱的人！预告：12秒后，高燃！L央视军事的微博视频 ​​​​,1738,793,10793,Role model
11/24/2019,2019,11,24,2019-11-24 20:30 来自 微博视频,【火灾肆虐！#澳大利亚上千只考拉死亡#，或面临功能性灭绝】近日，澳大利亚东南部林火持续肆虐，烧毁了考拉80%自然栖息地，上千只考拉死亡。加上被烧森林恢复难度大、气候变化和疾病威胁等，澳洲考拉正面临功能性灭绝。一旦种群数量减少到某个临界值以下，考拉就不能再繁殖下一代，进而可能导致灭绝。 ​​​​...展开全文c,14523,9562,156476,International news (non-China)
11/24/2019,2019,11,24,2019-11-24 20:04 来自 微博视频,【把安全当儿戏！男子#骑车带娃闯红灯侥幸过两车后被撞#】近日，山东淄博一路口，一位男子骑电动车带着学生闯红灯过马路，在侥幸躲过两辆车后，继续强行通过马路，撞上一辆小汽车后倒地。小汽车急刹车导致后面两辆车追尾，该起事故共造成3车受损，骑车男子受伤。（@齐鲁晚报）  L的微博视频 ​​​​,602,2154,14772,Bizzare
11/24/2019,2019,11,24,2019-11-24 19:43 来自 新媒体聚合平台 已编辑,【58载如一日 #护边员在十万多块边境石头上刻下中国#】1961年，布茹玛汗•毛勒朵和丈夫在新疆乌恰县吉根乡安家，1964年他们二人成为第一批护边员。她发现这里只有边界线没有界碑，不识字的她学会“中国”写法，在边境逾十多万块石头上刻下“中国”二字。她说，“中国永远在我心里，边境安全要比我的命 ​​​​...展开全文c,738,532,9023,Patriotic acts/festivals
11/24/2019,2019,11,24,2019-11-24 17:44 来自 社会热点 · 视频社区,【系它！踩它！#交警李佳琦式宣传上新了#！】是什么东西非常贴肤有质感？什么单品超级百搭？如何获得一套阿玛尼405番茄红妆面？我们不卖产品，我们只是交通安全的搬运工！安全知识，看他看他看他↓↓L潍坊交警的微博视频 ​​​​,1484,936,18399,Leisure
11/24/2019,2019,11,24,2019-11-24 14:16 来自 微博视频,【祝贺！战胜美国挑战者，#徐灿二度卫冕世界拳王#】北京时间24日中午，世界拳击协会羽量级世界拳王争霸赛中，徐灿经过12个回合的鏖战后战胜了此前18战全胜的美国拳手罗伯斯，今年第二度卫冕成功。他也是中国目前唯一一位现役世界拳王！转发，祝贺#徐灿卫冕世界拳王#！（刘硕阳）  L的微博视频 ​​​​,786,728,11322,Role model
11/24/2019,2019,11,24,2019-11-24 13:47 来自 微博视频,#不忘初心#【英雄的青春写满诗！这是见证初心使命的“十一书”】革命烈士张朝燮曾和妻子生前共同写下了《我和你》，赵一曼在英勇就义途中给儿子留下了一封遗书，还有贺页朵的“宣誓书”，夏明翰的“就义书”…微纪录片《十一书》，见证共产党人初心和使命。转发，致敬共产党人的奋斗↓↓   ​​​​...展开全文c,2776,1109,19246,Role model
11/24/2019,2019,11,24,2019-11-24 11:17 来自 微博视频,【未来尚可《选择》！#唱给香港的说唱MV#来了】这不是香港原有的样子，也不是香港未来的样子。“这是一段艰难的时间，你经受着考验。但是我也相信，你已经做出了最好的选择。”转发，#行动起来不让香港再受伤#！  L的微博视频 ​​​​,10129,1626,17099,Hong Kong
11/24/2019,2019,11,24,2019-11-24 08:54  已编辑,【2020国考开始！一起为梦想加油】今天9时，2020年国家公务员考试正式开考。本次国考共计划招录2.4万人，143.7万人通过报名资格审查。#今年国考约60人录取1人#，还可能有#00后参加国考#。这场考试，也许是你为之奋斗的人生理想，也许是你多元选择的一种。每一次机遇，却值得全力一搏。国考，加油！ ​​​​,1354,2029,14207,Social affairs
11/23/2019,2019,11,23,2019-11-23 15:19 来自 新媒体聚合平台,【#大熊猫护卫队#：大山深处的生态守望者】四川唐家河国家级自然保护区白熊坪保护站，有一支大熊猫护卫队。全国第四次大熊猫调查，唐家河保护区有39只。“每当在公路沿线看到自己保护的动物在公路边吃草喝水，特别欣慰。”5年来他们扎根基层保护站，对保护区物种进行多样性监测。L新华视点的秒拍视频 ​​​​,582,409,3230,Social affairs - environment
11/23/2019,2019,11,23,2019-11-23 14:50 来自 新媒体聚合平台,【#明日国考加油#！】明天，2020年国家公务员考试将如约而至。143万多人将走进考场，进行角逐。这场考试，也许是你为之奋斗的人生理想，也许是你多元选择的一种。其实，一场考试，不足以决定命运，但一次机遇，却值得全力以赴。放平心态，做好准备，明天奋力一搏！转发，加油！ ​​​​,2024,1967,13080,Leisure
11/23/2019,2019,11,23,2019-11-23 14:04 来自 新媒体聚合平台,【转发送别小天使 #2岁男孩离世捐献器官连救4人#】北京不满2岁的男孩满玉昂因意外不幸脑死亡。他的母亲在悲痛欲绝之际，决定捐献他所有的器官，4名孩子因为他重获新生。当满玉昂的心脏开始在一名3岁女孩身体内跳动时，时间刚好是13点14分。满玉昂的母亲说，那代表着一生一世L青流视频的秒拍视频 ​​​​,1123,1329,16376,Role model
11/23/2019,2019,11,23,2019-11-23 13:34 来自 微博视频 已编辑,【#港星集体发声为香港加油#：拒绝暴力，#守护香港#！】“重新出发，重建我们认识的香港”！成龙、陈小春、惠英红等港星集体为香港加油，向暴力说不！L的秒拍视频 ​​​​,10776,8245,212213,Hong Kong
11/23/2019,2019,11,23,2019-11-23 13:01  已编辑,【转起祝贺！#第五十和五十一颗北斗导航卫星成功发射# 一箭双星！】2019年11月23日8时55分，我国在西昌卫星发射中心用长征三号乙运载火箭（及配套远征一号上面级），以“一箭双星”方式成功发射第五十、五十一颗北斗导航卫星。,1296,767,6283,Achievements
11/23/2019,2019,11,23,2019-11-23 12:36 来自 社会热点 · 视频社区,【退伍前最后的愿望！#从没出海的海军老班长登上军舰#】“很多老兵当了一辈子兵，守一辈子海，却从来没有出过海。”近日，19名来自一线保障岗位和偏远艰苦地区的“老山沟”“老机务”“老海岛”登上查干湖舰。第一次随舰出海，也是最后一次，这是他们的圆梦时刻…向老班长们致敬！   ​​​​...展开全文c,624,509,5986,Role model
11/23/2019,2019,11,23,2019-11-23 12:02 来自 军事 · 视频社区,【这段视频看了让人热血沸腾！#特战女兵是怎样炼成的#】从女子特警队转隶为女子特战大队，特战女兵的训练有了更高要求。为了练射击，光是拉枪机上膛，她们每天从早到晚要练几千次，甚至做梦都在拉枪击。如今，她们已经变成敢于叫板男兵的“全能女兵”。赞！L央视军事的微博视频 ​​​​,1547,1200,10516,Role model
11/23/2019,2019,11,23,2019-11-23 10:09  已编辑,【香港政界呼吁市民用选票向暴力说不！】香港特区第六届区议会选举将于24日举行，1090名候选人将竞逐全港18个区共452个议席。建制派立法会议员近日发表联合声明，向所有爱护香港的选民呼吁，在11月24日积极投票，勇敢站出来表达对“黑色恐怖”暴力的不满。 °香港政界： 用选票向暴力及煽暴派说“不” ​​​​,1319,3788,98746,Hong Kong
11/23/2019,2019,11,23,2019-11-23 09:35 来自 新媒体聚合平台 已编辑,【致敬！#民警冲火海救人全身60%烧伤#】浙江舟山。一女子在前夫家割断煤气瓶皮管，打开气阀扬言燃爆自杀。民警林剑冲进火海救人，自己被特重度烧伤，皮肤烧焦，警服烧碎，经诊断全身60%烧伤，其中最严重的3度烧伤30%。因表现突出，浙江省公安厅给林剑记一等功1次。致敬英雄！L一手video的秒拍视频 ​​​​,915,1611,18886,Role model
11/23/2019,2019,11,23,2019-11-23 09:02 来自 新媒体聚合平台,【#28省开启气温过山车模式#，明天起迎来#俯冲式降温#】最近多地气温持续“大幅震荡”模式，“升-降-升-降”，犹如过山车。新一轮“升降”开始，22-23日多地气温将攀升至顶峰，24-26日又将自西向东陆续迎“俯冲”式降温。其中，合肥、长沙、沈阳3城最高气温起伏超过15℃。@中国天气 ​​​​,810,1211,8735,Social affairs - environment
11/23/2019,2019,11,23,2019-11-23 08:32 已编辑,【转发收藏！#2020全年节日日历#壁纸出炉】#2019已不足40天#，2020还会远吗？新的一年就快来了，你的日历提前备起来了吗？法定假日、中国传统节日、国际纪念日、二十四节气…比放假日历更全的 2020节日日历↓↓明年全年都有用，每一张都能做壁纸！速收，提前做计划！ ​​​​,3,12143,1503,Leisure
11/22/2019,2019,11,22,2019-11-22 23:26 来自 新媒体聚合平台,【#你好，明天#】中小学教师实施教育惩戒规则征求意见稿公布，从一味提倡赏识教育，到明确教育惩戒，这是回归教育规律的理性之举。没有惩戒的教育，是不完整的教育；把戒尺还给老师，才能让学生懂敬畏、明对错。制度为老师撑腰，但尺度、温度和限度更需合理把握。教师当惩戒有“界”，关爱方无“隘”。 ​​​​,1853,2038,14735,Government acts
11/22/2019,2019,11,22,2019-11-22 21:35 来自 新媒体聚合平台,【#男童落井陌生小伙摸黑爬四百米救人#】14日，湖南双峰县6岁的小磊在放学途中不慎掉入一处6米余深污水井，被井底污水冲走。路过的31岁青年王育永只身下井救人，在漆黑的排污管道中来回爬行400余米，成功将小磊救出。19日，小磊父母专程赶到王育永的老家致谢。L澎湃新闻的微博视频 ​​​​,1574,1395,16547,Role model
11/22/2019,2019,11,22,2019-11-22 21:07 来自 新媒体聚合平台 已编辑,【就是这么飒！#20岁开车发导弹的女生是啥样#？看看这群女兵！】不让须眉！不畏强敌！不辱使命！在新疆军区某防空旅，有这样一支女子导弹分队，她们平均年龄只有20岁，她们驾驶高4米、重约40吨的导弹车，10小时不停歇穿越戈壁大漠……姑娘们好样的！L第一军视的微博视频 ​​​​,2285,1210,10907,Role model
11/22/2019,2019,11,22,2019-11-22 20:43 来自 新媒体聚合平台,【悲痛！#从警27年的派出所所长连续高强度工作去世#】11月20日，河南三门峡市公安局东城分局高庙派出所所长聂三保因连续高强度工作突发脑出血昏迷，抢救无效不幸去世。聂三保从警27年，曾参与命案追逃抓捕行动，4次荣立个人三等功，并被评为“中原卫士”。一路走好！O悲痛！从警27年的派出所所长走了…… ​​​​,537,1415,10034,Role model
11/22/2019,2019,11,22,2019-11-22 19:36 来自 新媒体聚合平台,【绝了！一人一扇一抚尺，#口技牛人神还原语文课文#】“口技人坐屏障中，一桌、一椅、一扇、一抚尺而已…”初中课文《口技》你还记得吗？口技牛人神还原了这精彩一幕，犬吠，起火呼救，小儿啼哭…栩栩如生。戳视频↓转发，为非遗艺术口技喝彩！L深圳卫视诗意中国的秒拍视频 ​​​​,128420,22265,464333,Leisure
11/22/2019,2019,11,22,2019-11-22 17:33  已编辑,#中国梦绝不是霸权梦#！我们没有准备去取代谁，只不过是让中国恢复应有的尊严和地位，过去#半殖民地半封建国家的屈辱决不会重演#！ ​​​​,4225,2152,29556,CCP
11/22/2019,2019,11,22,2019-11-22 17:25  已编辑,【习近平：#扩大开放越有阻力越要迎难而上#】国家主席习近平22日在会见2019年“创新经济论坛”外方代表时指出，改革开放40年使我们获得了自信，这是中国的必由之路。这条路我们会一直走下去，越是有阻力，越是有人为设置的障碍，我们越要迎难而上，进一步扩大开放。中国言必信、行必果，我们说话算数， ​​​​...展开全文c,512,244,3955,CCP
11/22/2019,2019,11,22,2019-11-22 17:22  已编辑,【习近平：#创新成果不应成为埋在山洞里的宝藏#】国家主席习近平22日在会见2019年“创新经济论坛”外方代表时指出，创新是当今时代的一个重大命题。创新成果应惠及全球，而不应成为埋在山洞里的宝藏。中美目前在创新合作方面有一些歧见，关键是通过对话形成共识，进行创新合作而不是猜忌防范。 ​​​​,237,121,2276,CCP
11/22/2019,2019,11,22,2019-11-22 17:19  已编辑,【习近平：#我们一直保持温良恭俭让的态度#】国家主席习近平22日在会见2019年“创新经济论坛”外方代表时指出，中国之所以发生历史性巨变，是因为选择了符合中国国情的正确道路，而这些变化，是我们这一代人亲身参与、亲身经历、亲身建设的，中国人民从来没有像今天这样充满自信。但我们并没有因此感到 ​​​​...展开全文c,509,313,3814,CCP
11/22/2019,2019,11,22,2019-11-22 14:28  已编辑,【#真熊版竹笋吃播# 网友：剥笋皮贼溜，我也想吃】左边一口，右边一口滚滚：你们不懂！脸大才能赢所有，美味竹笋拿在手，胖得有理由！LiPanda熊猫频道的微博视频 ​​​​,2399,2329,14686,Leisure
11/22/2019,2019,11,22,2019-11-22 13:59 来自 新媒体聚合平台,【再度“点亮”！时隔7个多月，#巴黎圣母院恢复夜间照明#】当地时间21日，发生毁灭性火灾7个月后，巴黎圣母院将和巴黎其他建筑古迹一样，恢复建筑夜间照明。据报道，火灾发生之前，巴黎圣母院有两套照明系统，其中一套系统尚未修复。但已修复的照明灯组足以照亮巴黎圣母院的正面。O再度“点亮”！巴黎圣母院火灾7个月后恢复夜间... ​​​​,1109,620,9924,International news (non-China)
11/22/2019,2019,11,22,2019-11-22 13:04 来自 新媒体聚合平台,【#北京6只克隆警犬是怎样养成的#】20日，6头警用克隆犬在北京市公安局警犬基地正式入警。它们的克隆样本是2头优秀的马里努阿犬，自它们出生起，警犬基地就开始围绕触觉、听觉、嗅觉等方面，对这批克隆警犬进行适应性训练。目前4个月大的它们已提前达到6个月警犬的能力水平。L平安北京的微博视频 ​​​​,637,479,5081,Civic education
11/22/2019,2019,11,22,2019-11-22 11:00 来自 正能量 · 视频社区,【泪目！#站台上的三分钟探亲假#：#母亲与消防员儿子的站台团聚#】还记得高铁上偶遇儿子队友的消防员母亲吗？20日，消防员孙义龙和母亲孙让萍在南京南站站台上团聚，母子不约而同带去了对方最爱吃的饭菜。临行前，孙义龙朝母亲敬了个礼，却在列车离开视线后，转身抹了一把眼泪。L现代快报快快看视频的微博视频 ​​​​,1005,850,11015,Role model
11/22/2019,2019,11,22,2019-11-22 10:21  已编辑,【南部战区新闻发言人就美舰擅闯我南海岛礁邻近海域发表谈话】南部战区新闻发言人李华敏大校表示，11月20日、21日，美海军“吉福兹”号濒海战斗舰、“迈耶”号导弹驱逐舰，分别擅自进入中国南沙岛礁邻近海域、西沙群岛领海，中国人民解放军组织海空兵力全程跟踪监视、查证识别，并予以警告驱离。近来， ​​​​...展开全文c,1122,1400,9151,International affairs (China-US)
11/22/2019,2019,11,22,2019-11-22 09:37 来自 新媒体聚合平台,【#中科院公布2019增选院士名单#：增选64名，最小年龄42岁】今天，中科院公布64名新院士具体信息，平均年龄55.7岁，最小42岁，最大67岁，有6名女性。其中，数学物理学部11人，化学部10人，生命科学和医学学部10人，地学部11人，信息技术科学部7人，技术科学部15人。名单↓↓（记者吴月辉 ​​​​...展开全文c,2215,2303,25753,Social affairs
11/22/2019,2019,11,22,2019-11-22 09:26 来自 交通出行 · 视频社区 已编辑,【吹它，戴它，别用它！继消防员后#交警李佳琦式宣传交通#】“四四方方，表面带有磨砂质感的亮黑色，遇到交警查酒驾…吹它吹它吹它！”“低调的珍珠白色调，款式分全盔和半盔，骑行摩托车时…戴它戴它戴它！”交警小哥哥眼里还有什么“从年头火到年尾”？赶快戳它↓L潍坊交警的微博视频 ​​​​,2418,1125,16744,Civic education
11/22/2019,2019,11,22,2019-11-22 08:42 来自 新媒体聚合平台,【手里的垃圾被看上了？#垃圾处理企业日均新增23家#】《生活垃圾分类标志》将于12月1日起正式实施。数据显示46个重点城市居民小区垃圾分类覆盖率达53.9%，垃圾分类的力推也带来商机。目前我国经营范围中含“垃圾处理”企业超2.7万家，2019年已新增约7300家，平均每天新增约23家。O网页链接 ​​​​,490,369,2111,Social affairs - economics
11/22/2019,2019,11,22,2019-11-22 08:12 来自 微博视频,【上学可以有多开心？#当90后老师接管课堂#】批卷子用表情包、课间操变流行舞、袖子里藏棒棒糖、领你唱最动听的歌……这些都是#90后老师的专属教学方式#。他们脑洞大开，敢想敢做，每天使出浑身解数，只为让课堂更加有趣，让孩子们爱上学习。戳↓↓你上学时遇到过哪些有趣的老师？   ​​​​...展开全文c,13448,9177,282074,Leisure
11/22/2019,2019,11,22,2019-11-22 07:40 来自 新媒体聚合平台,【今天#小雪来了#】①今天22时59分，小雪至；②小雪是二十四节气的第二十个节气，表示降雪的起始时间和程度；③小雪后，气温会越来越低，逐步降到0℃以下；④此时节阳光减少，大地萧瑟，应主动调整心态，对抗低沉情绪；⑤宜多吃黑色食物，如黑米、黑芝麻、黑枣、黑木耳等，抵御寒冷。你那里下雪了吗？ ​​​​,6926,1868,9431,Leisure
11/21/2019,2019,11,21,2019-11-21 23:00  已编辑,#美式双标#【#评美式双重标准#：彻头彻尾的霸权逻辑】美国会参议院通过所谓“2019年香港人权与民主法案”，这份颠倒黑白的法案，尽管戴着道貌岸然的面具，却再次暴露了毫无底线的双重标准、虚伪丑陋的霸权逻辑。本国土地上的暴力行为，严厉打击；别国领土上的暴力行为，则是风景。还有比这更荒 ​​​​...展开全文c,1422,1217,11537,International affairs (China-US)
11/21/2019,2019,11,21,2019-11-21 21:37  已编辑,【加油，小兔子！#玉兔二号行驶里程突破300米#，进入第十二个月昼】今天，在月球背面执行探测任务的嫦娥四号着陆器和“玉兔二号”月球车结束寒冷漫长的月夜休眠期，受光照成功自主唤醒，进入第十二个月昼工作期。嫦娥四号月背工作时长已达到322天，玉兔二号行驶里程达到318.62米， ​​​​...展开全文c,1453,1142,14593,Social affairs
11/21/2019,2019,11,21,2019-11-21 20:34 来自 新媒体聚合平台 已编辑,【教育部报告：#超40%八年级学生为数学焦虑#】教育部日前发布《2018年国家义务教育质量监测——数学学习质量监测结果报告》。报告显示，四年级和八年级学生数学学习焦虑程度较高的比例分别为21.1%和35.0%，焦虑程度较高的比例分别为3.7%和5.9%。#你为数学焦虑过吗#？O网页链接 ​​​​,3251,7222,76589,Social affairs - trends
11/21/2019,2019,11,21,2019-11-21 19:02 来自 微博原生直播,【正在直播|牛犇：回想昔日奋斗的日子】第32届中国电影金鸡奖开幕，演员牛犇做客人民直播。1946年，11岁的牛犇参演抗日影片《圣城记》，开启电影人生，相继参演了《海魂》《沙漠追匪记》《泉水叮咚》等影片，2017年获金鸡奖终身成就奖。一起听他“回想昔日奋战的日子”。 O的微博直播 . ​​​​,630,697,13571,Leisure
11/21/2019,2019,11,21,2019-11-21 16:43 来自 微博视频 已编辑,【#警方公布英驻香港总领馆雇员嫖娼审讯视频#：不存在刑讯逼供】就英方声称因嫖娼被深圳警方拘留的英国驻香港总领馆雇员郑文杰“遭酷刑”等不公正对待问题，深圳警方表示，郑文杰因违反《中华人民共和国治安管理处罚法》第六十六条规定，被警方处行政拘留15日，其对嫖娼的违法事实供认不讳。其半月内3 ​​​​...展开全文c,10303,7108,103954,Hong Kong
11/21/2019,2019,11,21,2019-11-21 15:59 来自 微博视频,【传递这段视频！#中国人唱给美国的魔性RAP#】一点都不了解中国的佩洛西，你们一边在世界上捣乱，一边吹嘘自己维护世界和平的功绩。典型的美式虚伪，对没错就是在说你！  L的微博视频 ​​​​,61132,9733,276381,International affairs (China-US)
11/21/2019,2019,11,21,2019-11-21 08:30 来自 新媒体聚合平台,【#袁隆平团队长江中游双季稻产量新高#：亩产1365公斤！】20日，袁隆平团队主持承担的“湖南双季稻周年绿色优质丰产增效技术集成与示范”项目有了新进展。今年，双季稻合计均亩产1365公斤，创下了我国双季稻产量新高。这一“成绩”，比普通双季稻高产区增产约30%。转发祝贺！O亩产1365公斤！长江中游双季稻产量创新高 ​​​​,3862,2261,42945,Achievements
11/20/2019,2019,11,20,2019-11-20 22:31 来自 社会热点 · 视频社区 已编辑,【OMG！#消防员李佳琦式解说消防常识#】“这不是那种很boring的大红色，而是真正的番茄色！”其实，这句话形容的是…灭火器。江苏#消防魔性开箱指南#，戳视频感受一下↓↓↓看了想下单灭火器L江苏消防的微博视频 ​​​​,13226,6028,166688,Leisure
11/20/2019,2019,11,20,2019-11-20 21:34 来自 微博视频 已编辑,【#中国内政不容干涉#！#外交部正告美方如一意孤行必坚决反制#】11月19日，美国国会参议院审议通过“香港人权与民主法案”。外交部正告美方认清形势，悬崖勒马，立即采取措施阻止该案成法，立即停止插手香港事务、干涉中国内政，以免引火烧身、自食苦果。如果美方一意孤行，中方必将采取有力措施予以坚 ​​​​...展开全文c,4863,4026,62924,International affairs (China-US)
11/20/2019,2019,11,20,2019-11-20 20:09  已编辑,【#乖孩子和熊孩子的鲜明对比#】网友：没关系我都可以！LiPanda熊猫频道的微博视频 ​​​​,3636,2201,24259,Leisure
11/20/2019,2019,11,20,2019-11-20 18:16 来自 公益 · 视频社区,【你愿帮帮她吗？#24岁白血病女孩寻找亲生父母#】1996年，约8个月大的天媛，在吉林白城一片玉米地被现在的家人捡到。当24岁的她开始规划人生，准备带养父母旅行、和男友结婚时，却被查出急性髓系白血病…现在最大的救治希望是她亲生父母的移植！多一个转发多一分希望，扩散帮寻！LCCTV等着我的微博视频 ​​​​,8072,1378,12406,Social affairs
11/20/2019,2019,11,20,2019-11-20 08:55 来自 微博视频 已编辑,【探索永不止步！今天，#重温神舟一号的澎湃瞬间#】今天，#神舟一号成功发射20年#。这是中国载人航天工程的首次飞行，标志着中国在载人航天飞行技术上有了重大突破。从此，浩瀚太空有了中国人驰骋的一席之地，中国航天事业揭开了迈向太空的崭新篇章。转发致敬！(中国载人航天）  L的微博视频 ​​​​,1708,610,4211,Achievements
11/20/2019,2019,11,20,2019-11-20 08:26 来自 新媒体聚合平台 已编辑,【欢迎回家！#旅美大熊猫贝贝回家#】当地时间19日，美国首都华盛顿出生的4岁雄性熊猫“贝贝” 正式结束旅美生涯，乘专机直飞中国成都。按照协议，在美出生大熊猫年满4岁后回中国。贝贝的“行李”包括约30公斤竹子，一些零食和水。它要回国的消息让众多“熊猫迷”依依不舍。L中报视频的秒拍视频 ​​​​,1786,1700,30126,Leisure
11/20/2019,2019,11,20,2019-11-20 07:59 来自 新媒体聚合平台 已编辑,【转发提醒！九图看懂网络诈骗新特点】日前，最高法发布网络犯罪大数据报告，统计显示，网络犯罪案件中30%以上涉及诈骗罪，占比最高，是公认的“社会毒瘤”。①微信成最频繁网络诈骗犯罪工具；②#婚恋交友与网络赌博结合成诈骗新方式#；③#冒充女性或熟人是诈骗常用手段#。临近年底，戳图防骗！ ​​​​,1750,350,1078,Social affairs - consumer rights
11/19/2019,2019,11,19,2019-11-19 23:15  已编辑,【#南方人见到雪有多兴奋#！#海南学生在东北雪地光膀唱歌#】17日，吉林长春大雪纷飞，气温低至零下十五度。在长春工业大学人文信息学院，一群海南学生因为看见大雪过于激动，光着膀子在操场唱歌。东北学生：南方同学抗冻属性是高L青蕉视频的微博视频 ​​​​,1588,3119,18498,Leisure
11/19/2019,2019,11,19,2019-11-19 12:30 来自 新媒体聚合平台,【看哭了！#国旗是维和官兵的通行证#，为祖国骄傲转发！】执行任务时，#维和官兵被枪口对准胸口#，遭武装分子围堵…千钧一发之际，武装分子看到车上的五星红旗，最终选择了放行。李庆昆说：执行完任务，看到营区上空飘着的五星红旗，瞬间眼含泪水。我们身后，有一个强大的祖国L时间军事的秒拍视频 ​​​​,3206,1599,30017,Patriotic acts/festivals
11/19/2019,2019,11,19,2019-11-19 20:27 来自 微博原生直播,【正在直播：#第32届中国电影金鸡奖开幕式#】第32届中国电影金鸡奖于11月19日至23日在厦门举办，5天时间中，包括电影节开闭幕式、影展、论坛在内的一系列电影文化活动将陆续开展。今晚8点25分，@ 带您直击开幕式现场！戳↓↓ O的微博直播 . ​​​​,4086,3133,405676,Leisure
11/19/2019,2019,11,19,2019-11-19 18:47  已编辑,【#女子加班1个月在地铁崩溃大哭# 陌生人拥抱安慰】18日，湖北武汉，一女子坐在地铁站内，工作人员陈晨上前询问，女子一言不发。陈晨说：“想安慰她，摸了下她的头，她突然抱着我崩溃大哭”。女子称已连续加班1个月，现在工作做完不知该干什么，回家哭怕吓到女儿...你有哪些#成年人的崩溃瞬间#？ ​​​​...展开全文c,7486,5090,65642,Leisure
11/19/2019,2019,11,19,2019-11-19 16:38  已编辑,【杨利伟：#普通人遨游太空可以实现#，至少不是技术问题】普通人能上太空吗？杨利伟表示，普通人遨游太空是可以实现的。“如果现在我们想做也可以做，只不过国家在搞载人航天的初期发展，资源是有限，我们在突破技术。将来我想这个不是个问题，健康人群经过短期培训之后去飞行是没有问题的。”（中国新 ​​​​...展开全文c,1154,683,4897,Leisure
11/19/2019,2019,11,19,2019-11-19 13:14 来自 微博视频,【#驻英大使记者会播香港近期局势短片#】18日，中国驻英使馆就香港问题举行中外记者会。大使刘晓明表示，“止暴制乱、恢复秩序”是当前香港最紧迫的任务，彰显了中国政府维护国家主权安全发展利益、贯彻“一国两制”方针的坚定决心，显示了中国政府反对任何外部势力干涉香港事务的坚定决心。记者会上播 ​​​​...展开全文c,559,460,8338,Hong Kong
11/19/2019,2019,11,19,2019-11-19 12:30 来自 新媒体聚合平台,【看哭了！#国旗是维和官兵的通行证#，为祖国骄傲转发！】执行任务时，#维和官兵被枪口对准胸口#，遭武装分子围堵…千钧一发之际，武装分子看到车上的五星红旗，最终选择了放行。李庆昆说：执行完任务，看到营区上空飘着的五星红旗，瞬间眼含泪水。我们身后，有一个强大的祖国L时间军事的秒拍视频 ​​​​,3206,1599,30017,Patriotic acts/festivals
11/19/2019,2019,11,19,2019-11-19 10:32  已编辑,【#港警新一哥表示将尽快恢复社会秩序#】19日上午，刚刚上任的香港警务处处长邓炳强举行记者会，表示将坚守岗位，打击暴力，尽快恢复社会秩序。,1472,1399,24646,Hong Kong
11/19/2019,2019,11,19,2019-11-19 10:04 来自 微博视频,【点赞！#小朋友搬砖头挡住无井盖洞口#：善良其实并不难】近日，网络流传一则短视频，监控中显示两位小朋友路遇一无井盖的下水道，竟然搬起气泡砖将马路的洞口挡住，提醒其他车辆绕行。有时，孩子们有许多纯真与善良的闪光点，值得我们学习。你有过#被小朋友感动的瞬间#吗？  L的微博视频 ​​​​,5728,3495,90840,Role model
11/19/2019,2019,11,19,2019-11-19 09:34 来自 微博视频,【#这届老年人的生活也太有趣了#！网友：这不就是老年的我吗】79岁大爷狂奔50米救下一列火车、82岁女飞行员再上蓝天、83岁爷爷英语书法忙不停…这届老年人比你想象的还要优秀！他们，向我们证明了，年轻是一种心态，快乐更不分年龄！戳↓这是#你理想的老年生活#吗  L的微博视频 ​​​​,3075,2106,34905,Leisure
11/19/2019,2019,11,19,2019-11-19 09:00 来自 社会热点 · 视频社区,【注意：#携号转网并非想转就转#，你转成功了吗？】近日有网友发现，申请携号转网却被告知手机某些合约期限到2050年。运营商解释：入网满120天、结清所有费用和协议才可办理。携号转网涉及大量第三方改造，初期与用户期望可能存在一定差距。#你携号转网遇到过哪些问题#？评论区见↓↓↓   ​​​​...展开全文c,1491,2109,10571,Social affairs - consumer rights
11/19/2019,2019,11,19,2019-11-19 08:24  已编辑,【#国务院任命邓炳强为香港警务处处长#】依照《中华人民共和国香港特别行政区基本法》的有关规定，根据香港特别行政区行政长官林郑月娥的提名和建议，国务院2019年11月19日决定：任命邓炳强为警务处处长，免去卢伟聪的警务处处长职务。（新华社）#国务院任免香港特别行政区政府主要官员# ​​​​,1683,1771,21678,Achievements
11/19/2019,2019,11,19,2019-11-19 08:20 来自 新媒体聚合平台,【#中国人自己的空间站要来了#！九图带你读懂“天宫”里的那些事儿】近日，中国载人航天工程总设计师表示，#我国2022年前后建成空间站#并开始运营。空间站的近期规模为100吨，可载3人。关于中国人自己的空间站“天宫”，你了解多少？它和“天宫二号”有什么不同？九图带你读懂↓↓转发，致敬中国航天！ ​​​​,6851,2103,32278,Achievements
11/19/2019,2019,11,19,2019-11-19 07:30  已编辑,【#港澳办就《禁止蒙面规例》司法复核案判决发表谈话#：#香港高院判决公然挑战全国人大常委会权威#】国务院港澳办发言人杨光19日就香港特别行政区高等法院原讼庭有关《禁止蒙面规例》司法复核案判决发表谈话，对该判决产生的严重负面社会影响表示强烈关注。,　　杨光表示，香港现行的《紧急情况规例条 ​​​​...展开全文c,2573,2483,Hong Kong
11/18/2019,2019,11,18,2019-11-18 19:22 来自 微博视频 已编辑,【大自然的眼睛？#青海恶魔之眼艾肯泉#】在距青海省茫崖市30多公里的戈壁滩上，有一个常年冒温水的泉眼，当地牧民称之为“艾肯泉”。“艾肯”在蒙语里意为“可怕”，因含硫量过高，泉眼周围飞鸟野兽不敢靠近，泉水流经之处寸草不生。因此，也被人们称为“恶魔之眼”。（中国新闻网）素材来源 ​​​​...展开全文c,4445,2306,54020,Social affairs - environment
11/18/2019,2019,11,18,2019-11-18 16:16  已编辑,【#外交部回应我国航母通过台湾海峡# ：家门口 例行训练】昨日，#我国第二艘航母顺利通过台湾海峡#。对此，外交部发言人耿爽表示：中国的 舰艇编队在自己的家门口 进行正常的例行训练，没有什么可值得大惊小怪的。 中方有关活动符合国际法 和国际实践， 我们要求有关方面停止一切 ​​​​...展开全文c,759,894,11760,International affairs (China related)
11/18/2019,2019,11,18,2019-11-18 15:07 来自 微博视频 已编辑,【震撼！#1200架无人机拼出金鸡奖杯#】为迎接第28届中国金鸡百花电影节，17日晚，厦门会展中心沙滩上空，1200架无人机腾空而起，以黑夜为背景，变幻出金鸡百花、中华白海豚和白鹭钢琴等独特造型，将厦门的夜空装扮得流光溢彩，转发，期待电影节到来！ （厦门卫视） L的微博视频 ​​​​,3414,3588,34306,Social affairs
11/18/2019,2019,11,18,2019-11-18 14:48 来自 新媒体聚合平台 已编辑,【太危险！#老太骑电动车横穿高速被撞飞#，称差2分钟就到家了】近日，海南海文高速，一电动车逆行上高速路，横穿道路时被一小车撞飞。据了解，骑车的是名67岁老太，当时准备抄近路回家，“差2分钟就到了，以前也走过一次，出事才知道危险”。事后老太被送医，全身多处骨折。L时间视频的秒拍视频 ​​​​,383,1817,16423,Bizzare
11/18/2019,2019,11,18,2019-11-18 12:27 来自 微博视频 已编辑,【敬业！警铃响起时#消防员秒速出警的瞬间#】“#消防员扔下被绑队长紧急出警#”“消防员秒速出警看呆来参观的幼儿园小朋友”……对消防员来说，“警铃就是命令，时间就是生命”。他们时刻准备着，只为守护万家安宁。向最美“逆行者”致敬，愿你们每次出警都能平安归来！  L的微博视频 ​​​​,4505,2455,55071,Role model
11/18/2019,2019,11,18,2019-11-18 11:49 来自 新媒体聚合平台 已编辑,【#我国第二艘航母顺利通过台湾海峡#】据新华社，海军新闻发言人程德伟介绍，11月17日，我国第二艘航母顺利通过台湾海峡，赴南海相关海域开展科研试验和例行训练。这次组织国产航母跨区开展试验和训练，是航母建造过程中的正常安排，不针对任何特定目标，与当前的局势无关。#国产航母驶入台湾海峡# ​​​​...展开全文c,1911,1715,25298,Achievements
11/18/2019,2019,11,18,2019-11-18 11:13 来自 新媒体聚合平台,【#拔河比赛老师手拉空气式助威#：把对方的空气拉过来让他们窒息就赢了】近日，贵州黔东南，一中学的拔河比赛上，一位老师为学生“拉空气”式助威视频火了。班主任老师隔空参赛全情投入，表情很到位。网友：当年我们老师也是这样的~L人民视频的微博视频 ​​​​,1045,1600,14327,Leisure
11/18/2019,2019,11,18,2019-11-18 10:32 来自 新媒体聚合平台,【硬核冷空气来了！9张漫画带你看#南北方过冬差异#】受强冷空气影响，17-18日，中东部有大风和雨雪天气，气温普遍下降6-10℃。这一次，#冷空气终于想起了广东#。冬天真的要来啦，你家降温了吗？有网友调侃：“北方人过冬靠暖气，南方人过冬靠一身正气。”你觉得呢？南北方还有哪些过冬差异？戳↓ ​​​​,4010,1916,7510,Social affairs - environment
11/18/2019,2019,11,18,2019-11-18 10:09 来自 微博视频,【“基建狂魔”再添利器！#我国建成世界首例原位3D打印双层建筑#】17日，一栋7.2米高的双层办公楼在中建二局广东建设基地完成主体结构打印，这是“世界首例原位3D打印双层示范建筑”，标志原位3D打印技术在我国建筑领域取得突破性进展。转发祝贺，#基建狂魔再添利器#！（赵展慧）   ​​​​...展开全文c,3010,1760,20639,Achievements
11/18/2019,2019,11,18,2019-11-18 07:55 来自 正能量 · 视频社区,【转发致敬！这就是#兵哥哥给的安全感#】16日，驻香港部队官兵着便装自发上街清理路障，香港市民用掌声称赞。中国人民解放军，#守护祖国也守护你#：台风“利奇马”过境，沿线战士全力救援；男童不慎坠冰窟，兵哥哥胳膊砸冰相救…今天，为他们转，感谢最可爱的人！ L的微博视频 ​​​​,10511,3847,118433,Hong Kong
11/17/2019,2019,11,17,2019-11-17 11:06 来自 微博视频,【痛心！#威尼斯音乐学院馆藏乐谱被水浸泡#】近日，意大利威尼斯洪灾，威尼斯音乐学院部分馆藏文物、书籍也未能幸免，很多年代久远的书籍、乐谱出现明显的水渍和褶皱。据了解，该学院图书馆是意大利馆藏最丰富的音乐图书馆之一，有约5万册珍贵书籍、乐谱、杂志及手稿等。  L的微博视频 ​​​​,1172,862,14869,International news (non-China)
11/17/2019,2019,11,17,2019-11-17 08:24 来自 奇闻轶事 · 视频社区,【#广西发现世界级大型天坑群#】15日，自然资源部中国地质调查局向外界公布消息，广西发现世界级大型天坑群。该天坑群由19个天坑组成，主要分布于那坡县城厢镇和龙合乡，是我国境内继乐业大石围天坑群、陕西汉中天坑群之后，新发现的又一世界级天坑群。戳视频↓看航拍现场！L自然资源部的微博视频 ​​​​,2067,1368,12520,Social affairs - environment
11/16/2019,2019,11,16,2019-11-16 22:57 来自 微博视频,【太帅！#退伍兵哥哥狂奔百米擒贼#】近日，四川北川街头，一小偷盗窃被发现后仓皇逃跑，一青年狂奔百余米，连续超过4个抓贼群众后，飞身将小偷扑倒在地。原来小伙名叫杨恒，之前在武警部队服役，刚刚退伍回家。网友：这逆天大长腿，小偷已输在起跑线！（山东武警）  L的微博视频 ​​​​,1396,2484,46729,Role model
11/16/2019,2019,11,16,2019-11-16 21:45  已编辑,【痛心！#又一南京大屠杀幸存者离世#】据@侵华日军南京大屠杀遇难同胞纪念馆 16日晚，南京大屠杀幸存者朱惟平病逝，享年91岁。南京大屠杀发生时，朱惟平9岁，和家人躲进难民营，亲眼见到水塘里、电线杆上都有被日军杀害的中国战俘尸体。目前#登记在册在世南京大屠杀幸存者只剩80人#。转发送别！ ​​​​,2078,2698,25785,Social affairs
11/16/2019,2019,11,16,2019-11-16 21:26  已编辑,#香港止暴制乱问题没有中间地带#【评论员：中央坚定支持香港止暴制乱恢复秩序】习近平主席在巴西利亚出席金砖国家领导人第十一次会晤时，就当前香港局势发表的重要讲话，深刻指出了激进暴力犯罪活动的严重危害和实质，明确宣示了中央政府对香港局势的基本立场和态度，为香港止暴制乱、恢复秩序 ​​​​...展开全文c,914,560,6764,Hong Kong
11/16/2019,2019,11,16,2019-11-16 20:33 来自 新媒体聚合平台,【爱港亲民！#驻港部队协助市民清理路障#】16日下午，不少香港市民来到@驻香港部队 九龙东军营旁，主动清理被路障堵塞的联福道。16时20分左右，驻香港部队官兵加入清理工作，协助市民完成周边道路疏通，恢复街道交通，#驻港部队清理路障赢得市民掌声#。17时许，完成清理工作的官兵全部返回营区。 ​​​​,2632,2168,37774,Hong Kong
11/16/2019,2019,11,16,2019-11-16 18:53 来自 微博视频 已编辑,【“我们都是中国人，不要再做卖国贼”！】#香港市民自发悼念遇害清洁工老伯#，我们不会怕暴力，我们都会走出来，谢谢您，#香港市民说出我们的心声#！为勇敢正义的香港人点赞！  L的微博视频 ​​​​,2357,1444,39770,Hong Kong
11/16/2019,2019,11,16,2019-11-16 14:20 来自 微博视频,【关注！#鄱阳湖区水位创新低#：天鹅大雁都不来了】14日上午8点，江西鄱阳湖康山站水位创67年以来新低，严重影响候鸟栖息环境。开裂的土地上，只有寥寥数只麋鹿和野鸭经过。“去年有几千只天鹅和上万只大雁，今年基本一只都没看到。”为保护候鸟，工作人员提醒尽量远离候鸟栖息地。   ​​​​...展开全文c,1083,1358,8677,Social affairs - environment
11/16/2019,2019,11,16,2019-11-16 12:33  已编辑,"【为了不能忘却的纪念！#南京大屠杀遇难者名单墙开始描新#】""南京大屠杀遇难者名单墙""全长43米高3.5米，目前共刻有10664名南京大屠杀遇难者姓名。2017年开始，每年这个时候，紫金草志愿者就会一笔一划把遇难者名单墙上一万多个名字描新。昨天，今年的描新工作已经开启。转发缅怀！L荔直播的秒拍视频 ​​​​",9434,3787,94591,Patriotic acts/festivals
11/16/2019,2019,11,16,2019-11-16 08:54  已编辑,【#香港特区政府成立跨部门小组#：将采取更果断措施制止暴乱】香港特区政府15日举行跨部门联合记者会，多名特区政府司局长表示，#特区政府会采取更果断措施制止暴乱#，让社会尽快恢复正常是政府首要任务。,       为加强特区政府有效统筹一切行动，特区政府政务司司长张建宗已主持一个跨部门行动小组， ​​​​...展开全文c,551,991,Hong Kong
11/16/2019,2019,11,16,2019-11-16 07:30  已编辑,【升国旗奏国歌！#中国女排的第一次世界第一#】七战七胜，38年前的今天，中国女排首次夺得世界冠军！这是中国三大球比赛的历史性突破，中国女排从这里开启“五连冠”的辉煌篇章。几经起伏，她们初心未改；顽强拼搏，她们永不言弃。#38年10个世界冠军#，为重返世界第一的中国女排，骄傲转发！  ​​​​...展开全文c,6893,2285,40623,Achievements
11/15/2019,2019,11,15,2019-11-15 20:19 来自 微博视频,【外交部要求英方彻查港律政司长在英遭围攻事件：#耿爽用四个不要警告英国#】15日，外交部发言人耿爽回应香港律政司司长郑若骅在伦敦遇袭受伤一事时表示，我们要求英方立即彻查这起事件，全力抓捕凶徒，将肇事者绳之以法，切实保护所有中国在英人员的人身安全与尊严。  L的微博视频 ​​​​,1067,831,19223,Hong Kong
11/15/2019,2019,11,15,2019-11-15 18:57  已编辑,【#我国近九成国土迎大降温#，划重点：#广东这回终于降温了# 】上一轮强冷空气影响刚刚结束，新一轮强冷空气又安排上了，而且这次强度更强。预计今天（15日）夜间至18日，包括广东在内的我国近九成国土将陆续出现6℃以上的降温，局地降温可达12～15℃。广东的朋友们期待吗？（中国天气） ​​​​,700,1621,5151,Social affairs - environment
11/15/2019,2019,11,15,2019-11-15 16:44 来自 微博视频,【#这才是军人射击# 战士小哥哥：我越扣越激动】“青铜玩家”VS“王者玩家”！军人优秀射击技能的养成需要漫长而刻苦的训练，从最初的紧张、小心翼翼，再到后来的“我感觉自己控枪很稳，越扣越激动！”期待每一位战士都能成长为“神枪手”！转发点赞↓↓↓  L的微博视频 ​​​​,559,436,5194,Role model
11/15/2019,2019,11,15,2019-11-15 16:24  已编辑,【国家邮政局：14日#全国快递日投递量3.45亿件创新高#】国家邮政局监控平台数据显示，11月13日以来，邮政、快递企业日投递量超过3亿件，14日#全国快递日投递量3.45亿件#，创行业日投递量历史新高。目前，邮、快件已进入投递高峰，预计20日前后末端投递压力将得到缓解。#你的双十一快递到了吗# ​​​​,410,1774,14441,Social affairs - trends
11/15/2019,2019,11,15,2019-11-15 14:59 来自 军事 · 视频社区,【难得一见！#东风快递送导弹全程画面公开#】作为中国最霸气的“快递公司”，“东风快递”专寄“危险包裹”，特别是原子弹和氢弹。#快递一枚导弹总共分几步#？走进“东风第一旅”，看超燃现场↓↓L央视军事的微博视频 ​​​​,3306,1875,30074,Achievements
11/15/2019,2019,11,15,2019-11-15 13:56 来自 新媒体聚合平台,【#褒贬易混成语自测#，看看你用对了吗】这些成语是褒是贬，你用对了吗？①差强人意：大体使人满意，不是不能使人满意，是褒义；②巧言令色：用花言巧语和谄媚伪善的面目讨好别人，是贬义；③积重难返：积习深重，难以改变。多指长期形成的恶习或弊端难以改变，是贬义。用错的同学默默转发学习↓ ​​​​,10243,1735,14664,Leisure
11/15/2019,2019,11,15,2019-11-15 12:26 来自 专业版微博,#红谷滩杀人事件嫌犯一审被判死刑#【南昌实习女律师当街被杀案公开宣判 嫌犯一审被判死刑】2019年11月15日，江西省南昌市中级人民法院公开开庭宣判了万某弟故意杀人案，以故意杀人罪判处被告人万某弟死刑，剥夺政治权利终身。经江西精神病学司法鉴定所鉴定，万某弟患有双相情感障碍，案发时处于缓解状 ​​​​...展开全文c,574,960,11005,Crime & court
11/15/2019,2019,11,15,2019-11-15 10:56 来自 专业版微博,【视频来了！#清华一年一度神仙打架大会#，一起围观#学霸语录频出的样子#】14日下午，2019年@清华大学 本科生特等奖学金答辩会举行，15名候选人轮番登场，现场奖项、成果横飞，学霸语录频出。“虽然我的高考分数不好，但我会努力地学习”。网友：偷偷点开，默默退出，告辞！  ​​​​...展开全文c,31272,13114,452556,Leisure
11/15/2019,2019,11,15,2019-11-15 08:10 来自 新媒体聚合平台,【欢迎归来！#愿每一件流失文物都能回家#】近日，圆明园青铜马首回归引发热议。新中国成立以来，已有15万余件流失文物回归。每一件文物的回家之路，都凝聚着无数人的默默付出。#为什么要追回流失文物#？《伯远帖》、《五牛图》、虎蓥…这些曾经流失的珍贵文物，你了解吗？转发，愿更多国宝早日回家！ ​​​​,5832,1620,24905,Social affairs
11/15/2019,2019,11,15,2019-11-15 07:44  已编辑,【#疑被暴徒击中头部的香港男子死亡#】13日疑被暴徒投掷硬物击中头部的香港特区政府食物环境卫生署外判员工14日晚间证实死亡。特区政府对暴徒恶行表示愤慨，警方会全力追查，务求将暴徒绳之于法。,4328,8674,247360,Hong Kong
11/15/2019,2019,11,15,2019-11-15 00:04  已编辑,【北京市卫健委：#北京全市无新增鼠疫病例#】网传在北京宣武医院和北京儿童医院发现鼠疫疑似病例，经对两名就诊患者综合判断，排除鼠疫，解除隔离观察。此前两名鼠疫确诊患者一名病情稳定，另一名病情仍然危重，略有好转，正在进行对症治疗。截至目前，全市无新增鼠疫病例，未接到密切接触者出现发热等 ​​​​...展开全文c,476,920,6931,Social affairs - disaster
11/14/2019,2019,11,14,2019-11-14 21:09  已编辑,【云南#男子将工业酒精兑入婚宴酒致5死#】当地政府通报，11月7日至8日，云南西双版纳勐海县曼央龙村曼潘村民小组组长岩某在为儿子办婚宴时，使用了邻村村民岩某比提供的自烤酒。参加婚宴的部分群众饮用该酒后出现了呕吐、视力模糊等症状，致使5人先后死亡，14人住院治疗。经检测，该批自烤酒甲醇含量严 ​​​​...展开全文c,970,1177,7967,Crime & court
11/14/2019,2019,11,14,2019-11-14 20:41 来自 新媒体聚合平台,【泪目！#老人看到牺牲消防员照片失声痛哭#】陕西西安，一位老人在消防影展上看到“3·5闪爆”牺牲的消防员照片时失声痛哭，重复着说“这么小…”英雄们，你们从未被忘记！L西安消防的微博视频 ​​​​,5324,2925,100550,Role model
11/14/2019,2019,11,14,2019-11-14 19:44  已编辑,【#公安部 暗网不是法外之地#】所谓“暗网”，就是隐藏的网络，普通网民无法通过常规手段搜索访问，需要使用一些特定的软件、配置或者授权等才能登录。14日公安部网络安全保卫局局长王瑛玮介绍，近年来公安机关成功侦破多起利用“暗网”实施违法犯罪的案件，“暗网”不是“法外之地”和“避罪天堂”。 ​​​​...展开全文c,723,812,6504,Crime & court
11/14/2019,2019,11,14,2019-11-14 18:22  已编辑,【海关总署、农业农村部公告：#我国解除美国禽肉进口限制#】海关总署、农业农村部公告：自本公告发布之日起，解除原质检总局、原农业部联合发布的2013年第19号、2013年第103号、2014年第58号、2014年第100号、2015年第8号公告对美国禽肉进口的限制，允许符合我国法律法规要求的美国禽肉进口。 ​​​​,437,402,1676,Social affairs - economics
11/14/2019,2019,11,14,2019-11-14 10:11 来自 新媒体聚合平台,【#咱家鸡冠冻紫了#…​​​​#你家今天啥颜色#？评论区见】据@中国天气 ，一起来看这股强冷空气有多强！今早7时北方大部气温已低至零下，东北大部气温已不足-20℃，而位于“鸡冠”处的内蒙古东北部地区和黑龙江大兴安岭地区已冻成深紫色，气温接近甚至低于-30℃。网友：广东失去换冬装的乐趣… ​​​​,1702,3836,30979,Social affairs - environment
11/14/2019,2019,11,14,2019-11-14 09:35 来自 新媒体聚合平台,【我国#每10人就有1名糖尿病患者#】缺乏运动、“三高”饮食、吸烟、喝酒、熬夜…世界范围内，糖尿病发病率呈上升趋势，我国更是全球发病人数最多的国家。“我国约10个成年人中，就有1名糖尿病患者。”今天联合国糖尿病日，#糖尿病认知的10大误区#↓转存，远离“甜蜜烦恼”！°联合国糖尿病日：如何让亿万家庭远离“甜蜜的... ​​​​,1293,650,2039,Social affairs - trends
11/14/2019,2019,11,14,2019-11-14 09:08 来自 专业版微博,【这不是电影大片，这是#真实缉毒现场画面#】为堵截“金三角”地区毒品入境，近日，国家禁毒委表示，将以云南为主战场开展“净边2020”专项行动。缉毒警被拖行，子弹从耳边擦过，亡命徒放火烧车…这些真实缉毒场景，比你我想象的更加惊心动魄。#中国为什么花大力气禁毒#？戳视频↓拒绝毒品，转发承诺！ ​​​​...展开全文c,14638,4240,104413,Crime & court
11/14/2019,2019,11,14,2019-11-14 08:24  已编辑,#北京通报鼠疫患者情况#【北京市卫健委：鼠疫患者一名病情稳定，一名病情危重】11月14日，记者从北京市卫生健康委员会获悉：11月12日，北京市确诊两例由内蒙古输入型的鼠疫患者后，在国家卫生健康委的指导下，立即启动突发公共卫生应急机制，成立了市政府分管领导牵头、卫生健康等相关部门参加的指挥机 ​​​​...展开全文c,727,905,5199,Social affairs - disaster
11/14/2019,2019,11,14,2019-11-14 07:55 来自 新媒体聚合平台,【2020#国考倒计时10天#！90道国考真题自测一下】距离2020年国家公务员考试还有最后10天，最后的冲刺阶段，给自己鼓鼓劲！上要知天文，下要知地理，国考常识判断题你是否已成竹在胸？2015—2019，90道#国考常识判断真题#精选↓↓快来测测，你能答对多少道？转给身边正备考的小伙伴！ ​​​​,4430,861,4019,Civic education
11/13/2019,2019,11,13,2019-11-13 15:28 来自 微博视频,【#国台办回应蔡英文涉港言论#：睁大眼睛好好看一看】13日，就蔡英文发表涉港言论，国台办发言人马晓光表示，民进党当局从一开始就在拿香港局势进行政治操弄，我劝他们好好读一读香港特区政府和警方的完整说明，睁大眼睛好好看一看暴徒当街淋烧普通市民的画面，不要继续为了政治私利而颠倒黑白、混淆视 ​​​​...展开全文c,843,1959,31757,Hong Kong
11/13/2019,2019,11,13,2019-11-13 11:40  已编辑,【看到他们请报警！#公安部通缉10名重大文物犯罪在逃人员#】近日，公安部发布A级通缉令，公开通缉第四批10名重大文物犯罪在逃人员：栗会培、程麦生、张显斌、刘全生、刘继园、张素霞、吴焕振、曹文强、付振涛、赵现花。对提供线索的举报人以及检举、揭发有功人员将给予奖励。转扩！（记者张璁 ​​​​...展开全文c,1700,1181,10248,Crime & court
11/13/2019,2019,11,13,2019-11-13 10:52  已编辑,【1.48万亿！央行首次发布双十一剁手数据：#双十一全国人均花1000元#！】昨日，央行发布数据：“双十一”当天网联、银联共处理网络支付业务17.79亿笔、金额14820.70亿元，同比分别增长35.49%、162.60%。相当于全国人民每人下单超过1笔，人均下单超过1000元！你花了多少 ​​​​,1263,2351,8117,Social affairs - trends
11/13/2019,2019,11,13,2019-11-13 08:07  已编辑,【香港中联办：#香港暴力活动滑向恐怖主义深渊#】中央人民政府驻香港特别行政区联络办公室负责人11月12日发表声明：11日下午在香港马鞍山地区，一群暴徒因不满一名普通市民反对他们的破坏活动，竟向其浇淋易燃液体并点火焚烧，导致该市民瞬间成为“火人”，画面令一切有良知的人为之惊惧和愤慨。这种光 ​​​​...展开全文c,1812,3088,21208,Hong Kong
11/12/2019,2019,11,12,2019-11-12 22:45  已编辑,【#内蒙两名鼠疫患者在北京朝阳得到妥善救治# 相关防控措施已落实】据北京市朝阳区政府网站， 2019年11月12日，内蒙古自治区锡林郭勒盟苏尼特左旗2人经专家会诊，被诊断为肺鼠疫确诊病例。目前，患者已在北京市朝阳区相关医疗机构得到妥善救治，相关防控措施已落实。O网页链接 ​​​​,1415,807,6298,Social affairs - disaster
11/12/2019,2019,11,12,2019-11-12 21:35  已编辑,【#45个车站启动电子客票业务#：刷身份证或二维码就能乘车】今天，长三角铁路在合肥南站、南京南站、杭州东站等45个车站启动电子客票业务，今后不需要打印车票，刷身份证或手机二维码就能进站验证、验票乘车。#电子客票长啥样#？怎样进行改签退？戳图了解↓↓O别了，纸质车票！这些地方今天刷手机+身份证... ​​​​,1243,1061,4048,Social affairs - trends
11/12/2019,2019,11,12,2019-11-12 20:16  已编辑,【双11不光“剁手”，还有哪些新消费力量？】①数字经济正与实体经济融合，线上线下共同增长；②助力攻坚脱贫：全国707个县的优质农货入驻阿里兴农脱贫会场；③国货销量爆发，天猫双11美妆等行业多品牌销量破亿；④95后成消费主力。转发，说说你今年买了啥？ ​​​​,356,685,2881,Social affairs - trends
11/12/2019,2019,11,12,2019-11-12 18:31  已编辑,【转发送别！这个#抠门老兵生前捐款上百万#】“遗体捐献，不设灵堂，不收花圈”94岁的老兵季华走了，他的“抠门”在江苏省军区南京第30离职干部休养所里是出了名的，夏天舍不得开电扇，冬天舍不得用电热毯，也没给过子女一分钱贴补…然而一生节俭的他可查捐款却有百万元。O网页链接 ​​​​,1460,1340,15937,Role model
11/12/2019,2019,11,12,2019-11-12 15:03  已编辑,【#当地教体局回应女孩眼睛被塞纸#：责令校长和班主任深刻检查，全市通报】12日河南@禹州发布 回应： 小花，磨街乡大涧学校小学二年级学生。9月28日本班学生小强和小冬按住小花胳膊，本班学生小刚向其眼睛里塞纸片。对磨街镇教育总支书记进行约谈，责令该校校长和该班班主任写出深刻检查，并全市通报。 ​​​​...¡查看图片展开全文c,2771,4236,30098,Social affairs
11/12/2019,2019,11,12,2019-11-12 11:00 来自 新媒体聚合平台,【抢先看！#金砖时间再次开启#，九张海报带你长知识】11月13日至14日，金砖国家领导人第十一次会晤将在巴西首都巴西利亚举行。金砖机制从无到有，如今熠熠生辉。明天，金砖时间将再次开启，这块金砖的分量究竟有多重？金砖国家各自有什么特点？本次#金砖会晤#还将有哪些精彩看点？戳图↓长知识，转存！ ​​​​,1543,423,4993,International affairs (China related)
11/12/2019,2019,11,12,2019-11-12 10:29  已编辑,【云南23岁#男子闯幼儿园喷腐蚀液体致54人伤#】11日15时35分许，云南开远一男子剪断围墙铁丝网攀爬进入开远市东城幼儿园施暴，部分师生被该男子用腐蚀性液体喷溅灼伤。16时10分民警在幼儿园后山将犯罪嫌疑人孔某涵（男，开远市人，23岁，无业）抓获。3名教师、51名学生送医救治，其中轻度症状48人、中 ​​​​...展开全文c,1148,2525,20661,Crime & court
11/12/2019,2019,11,12,2019-11-12 10:01 来自 专业版微博,【大自然的画笔！#秋染青龙湾落羽杉#】近日，安徽省宁国市方塘乡青龙湾，2000余亩落羽杉在青山绿水中呈现出油画般的秋景，吸引大批游人前来观赏。游客乘坐竹筏前行在方塘乡青龙湾上，秋色撩醉，落杉林染；云雾四起，“醉”美红杉林。色彩斑斓，美如油画。@ Ta 一起去欣赏余秋吧！  ​​​​...展开全文c,3049,1274,11638,Leisure
11/12/2019,2019,11,12,2019-11-12 07:49 来自 新媒体聚合平台,【真实场面！#双十一朋友圈大赏# 我怀疑你在偷窥我的生活】今年双十一，你的朋友圈里是不是也有这样一群人：理性严谨的学霸，缜密计算后欣然“剁手”；迷茫懵懂的小萌新，屯够商品后选择“吃土”；默默围观的“单身狗”，一个人选择静静…#你的双十一朋友圈是什么画风#？被戳中的，默默转走！ ​​​​,4284,1757,34950,Leisure
11/11/2019,2019,11,11,2019-11-11 21:15 来自 微博视频,【乒乓球女团决赛 #孙颖莎连赢5分上演大逆转#】11月10日，乒乓球团体世界杯在日本东京进行了女子决赛。单打较量中，中国小将孙颖莎迎战日本选手伊藤美诚。孙颖莎在决胜局7-10落后的情况下连赢5分，以12-10取胜。最终中国队3：0横扫东道主日本队，成功卫冕。日本选手：我的内心是崩溃的   ​​​​...展开全文c,1672,1458,25365,Leisure
11/11/2019,2019,11,11,2019-11-11 19:59  已编辑,【#美驻华大使撰文欢迎中国留学生# 外交部：望落到实处】有记者提问，《中国青年报》刊登了美国驻华大使布兰斯塔德撰写的题为《欢迎中国留学生》的文章。中方对此有何评论？耿爽回应：留学生交流长期以来有力地促进了两国人民之间的沟通和相互了解。特朗普总统和美方高级官员近来也多次表示欢迎中国留 ​​​​...展开全文c,0,197,351,International affairs (China-US)
11/11/2019,2019,11,11,2019-11-11 17:07 来自 微博视频,【60秒打卡！#锦绣安徽快到皖里来#】说起安徽，你会想到啥？黄山，徽州，茶叶，还是毛豆腐，臭鳜鱼，黄梅戏……安徽，可不只有这些！曾经，小岗村大包干，中国农村改革从这里开始；如今，全球30%的平板电脑显示屏从这里生产，“墨子号”量子卫星从这里“升空”。戳↓↓快来看看这个不一样的安徽~   ​​​​...展开全文c,1195,1379,6998,Civic education
11/11/2019,2019,11,11,2019-11-11 16:07 来自 微博原生直播,【#大咖有话#|佟丽娅：回望初心，舞者归来】她是大家熟悉的演员，但最近却以舞者的姿态亮相国家大剧院。#人民直播#带你对话佟丽娅，聊一聊舞蹈与表演，也聊一聊属于她的故乡与远方。@ 正在直播↓↓一起关注~ O的微博直播 . ​​​​,394,628,17502,Social affairs - celebrity
11/11/2019,2019,11,11,2019-11-11 14:27 来自 专业版微博,【可以哭但绝不认输！#5岁乒乓女童含泪挥拍#感动网友】近日，山东泰安5岁萌娃李依依含泪挥拍的视频热传，很多网友觉得依依神似福原爱，连哭着练球的样子都一模一样。虽然辛苦但仍坚持训练，可爱又坚韧的模样感动网友。加油，依依！ L的微博视频 ​​​​,1467,1406,24592,Leisure
11/11/2019,2019,11,11,2019-11-11 13:42 来自 专业版微博 已编辑,【#双十一快递坐高铁#！#你的快递可能就在隔壁车厢#】昨晚熬夜“剁手”的宝贝到哪了？人家连夜赶车去啦！为了应对“双十一”期间电商物流订单的大幅增长，高铁预留车厢运输快递物品，大幅提高物流效率。网友：这就是中国速度！ L的微博视频 ​​​​,990,1110,16096,Leisure
11/11/2019,2019,11,11,2019-11-11 10:40  已编辑,【广告短信退订难 网友：#回T退订骗人的#】双十一期间，各种商家广告短信连环轰炸。很多短信写了回复字母“T”可退订，但不少用户回复之后，短信并未停止。有律师表示，如受到困扰，可办理“短信拦截”服务，也可以向市场监督管理部门就商家的违法行为进行举报。#你会接受广告短信的推荐吗#？ ​​​​...展开全文c,487,906,3897,Social affairs - consumer rights
11/11/2019,2019,11,11,2019-11-11 09:43 来自 新媒体聚合平台 已编辑,【扩散周知！#携号转网正式试运行#】10日开始，三大运营商携号转网服务正式进入试运行阶段，本月内正式提供服务。目前我国携号转网服务只针对移动电话（含移动/联通/电信）号码用户，卫星、移动通信转售、物联网应用号码（例如网号为1349、174、170、171、162等）暂不支持。你想办吗？ ​​​​...展开全文c,4766,2043,9150,Civic education
11/10/2019,2019,11,10,2019-11-10 14:16 来自 微博原生直播,【#人民直播#：跟着习主席出访，带你走进比雷埃夫斯港】中国远洋海运集团运营的希腊最大港口比雷埃夫斯港，已成为全球发展最快的集装箱港口之一。@ 带你走进“一带一路”的旗舰项目——比雷埃夫斯港！戳↓↓#世界那么大带你去希腊#！ O的微博直播 . ​​​​,365,192,7771,CCP
11/10/2019,2019,11,10,2019-11-10 11:43  已编辑,【#何君尧遇刺后首现身#：屹立不倒、为众服务】“何生来啦！”10日上午，手术后出院不久的香港立法会议员何君尧再次为区议会选举“摆街站”，大批街坊和爱国爱港市民到场支持。此时距何遇袭受伤仅4天，#何君尧不畏不悔不退#，他说：凡对香港有益的事，我必须去做；与香港作对的，我一定跟你势不两立！ ​​​​...展开全文c,1278,1182,19028,Hong Kong
11/10/2019,2019,11,10,2019-11-10 09:57 来自 新媒体聚合平台,【#缅怀师昌绪#，中国材料科学的开拓者】他目睹日本人野蛮侵略，立志报国，远赴海外研究金属学；他是美国明令禁止回国的35名中国学者之一，却归心似箭，“我的祖国和父母需要我”。拳拳赤子心，殷殷爱国情。2014年的今天，国家最高科技奖获得者、“中国高温合金之父”师昌绪离世。国之栋梁，转发缅怀！ ​​​​,1363,656,8424,Role model
11/10/2019,2019,11,10,2019-11-10 09:24 来自 新媒体聚合平台,【国家卫健委：#11月中下旬流感来袭#】日前，国家卫健委专家表示，目前我国流感活动仍处于非流行季水平。但是，11月中下旬流感活动将开始逐步增强，之后我国也将由北向南陆续进入流感流行季。据了解，#全球每年约10亿人感染流感#。如何防治？戳图↓↓↓转需！ ​​​​,1854,458,2030,Civic education
11/9/2019,2019,11,9,2019-11-9 23:59 来自 新媒体聚合平台,【#你好，明天#】全国消防日，正值国家综合性消防救援队伍组建一周年。脱下橄榄绿，换上火焰蓝，他们一心为民初心不变。对他们而言，“时刻准备着”从来不是一句口号，而是赌上生命的承诺！他们护我们周全，我们牵挂他们平安。让救援安全系数再高一些，让化险为夷的成本再低一些，我们要做的还有更多。 ​​​​,1095,776,8329,Patriotic acts/festivals
11/9/2019,2019,11,9,2019-11-9 22:14 来自 新媒体聚合平台 已编辑,【#评9岁男孩小区内遇害#：拿什么防治“武疯子”伤人？】9岁男孩被打死，不只是一个家庭，也是整个社会的悲剧。嫌犯究竟是不是精神病人尚需鉴定，而“武疯子”伤人早有先例，一发生惨剧就激起公共讨论，但很快归于沉寂，直至出现又一起恶性事件。#如何防治武疯子伤人#问题，当有无缝衔接之策。 ​​​​,597,1553,10054,Crime & court
11/9/2019,2019,11,9,2019-11-9 21:35 来自 新媒体聚合平台,【转发祝贺！花滑中国杯#金博洋夺冠#！】2019年世界花滑大奖赛中国杯正在重庆进行，今晚结束的男单自由滑中，中国选手金博洋发挥出色，完成了两个高难度的四周跳，获得176.10分，以总分261.53分夺得冠军！另一名中国选手闫涵以总分249.45分获得亚军！L回放：花样滑冰大奖赛中国站男单自由滑 金博... ​​​​,2066,1053,12159,Achievements
11/9/2019,2019,11,9,2019-11-9 21:04  已编辑,【#澳门大学学位颁授典礼师生高唱国歌#】11月9日，@澳门大学 2019年荣誉学位及高等学位颁授典礼在澳门大学横琴校区举行，仪式开始前，在场师生共同唱响国歌。戳视频↓↓L中新视频的秒拍视频 #澳门回归20周年# ​​​​,2456,2910,93012,Patriotic acts/festivals
11/9/2019,2019,11,9,2019-11-9 20:00 来自 微博视频,【#字面意思版全村的骄傲#！90后#兵哥哥给乡亲们走大阅兵正步#】近日，河南洛阳伊川县白沙镇范村，火箭军战士常跃波给他的乡亲们展示国庆大阅兵上的正步。24岁的他已参加两次大阅兵，母亲提起他充满了骄傲。常跃波走了好几遍，每次乡亲们都掌声热烈：“再来一遍，俺还没看过瘾！”   ​​​​...展开全文c,885,1088,39780,Role model
11/9/2019,2019,11,9,2019-11-9 18:49 来自 微博视频,【“消防员，你们来救我了！”有你们在，就有心安】倒立深入10米机井救出3岁男童；从天台落下救出3岁被卡女童；救出16人后蹲在墙角呕吐不止；从满是辣椒油的火场出来全身被辣得通红……今天，全国消防日，#帮消防员上热搜#！  L的微博视频 ​​​​,2501,1868,34328,Role model
11/9/2019,2019,11,9,2019-11-9 16:00 来自 风光美景 · 视频社区,【似宇宙星河！ #内蒙古根河现冰盘自转奇观# 】近日，在有“中国冷极”之称内蒙古呼伦贝尔市根河，河面上出现了一个冰圆盘。冰圆盘直径约为2米，以逆时针方向缓缓旋转。据了解，冰盘的形成是一种自然现象，而冰盘能够旋转是在河水的作用下，产生的漩涡效应。L内蒙古天气的微博视频 ​​​​,2120,895,8916,Social affairs - environment
11/9/2019,2019,11,9,2019-11-9 15:32  已编辑,#评双11促销#【#人民锐评#：双11促销，别把计算当算计】搞促销，商家当然需要计算收益，但不能把计算变算计，更不能打法律擦边球，乃至违规违法。须时刻谨记：不尊重消费者，消费者就会远离你。如果用套路“撞伤”消费者，那么被法律“撞倒”、被消费者无情“抛弃”，也就快了。 ​​​​...展开全文c,682,1106,8992,Social affairs - consumer rights
11/9/2019,2019,11,9,2019-11-9 15:04 来自 新媒体聚合平台,【再也不用飞两遍！#人民空军超震撼宣传片发布# 】#人民空军70周年#，强军主题宣传片《我爱祖国的蓝天》推出，汇聚国产歼-20、运-20、轰-6K、轰-6N、空警-500等新型战机投入新时代练兵备战的经典影像↓↓一起感受，人民空军70年来捍卫国家主权和民族尊严的战斗荣光！L空军发布的微博视频 ​​​​,4148,956,16144,Patriotic acts/festivals
11/9/2019,2019,11,9,2019-11-9 14:05 来自 新媒体聚合平台,【转起祝贺！#隋文静韩聪刷新个人最高分#】8日，花滑大奖赛中国站双人滑短节目中，中国组合隋文静和韩聪带来新赛季首秀，他们以一套全新节目亮相，凭借出色的发挥，拿到80.90分，刷新了新规则下他们的短节目最高分，排名高居榜首。韩聪：会继续努力争取更好发挥。加油！http://t.cn/AiBe250C ​​​​,1606,804,12303,Leisure
11/9/2019,2019,11,9,2019-11-9 13:04 来自 专业版微博,【前方高能！#真火真烟校园逃生技PK现场#】6日，一场大学生消防逃生技能大比武在贵州民族大学举行，来自贵州12所高校的72名大学生展开PK。火线出击、突出重围、生死一线、降服火魔…同学们参加9个科目比拼，现场竞争激烈。围观#大学生消防逃生技能比武#↓↓太硬核了！ L的微博视频 ​​​​,467,412,5705,Leisure
11/9/2019,2019,11,9,2019-11-9 12:00 来自 专业版微博,【#希腊上演舞台版丝绸之路# 观众：太美妙了】中国和希腊是两个拥有悠久历史和深厚文化底蕴的古老国家。近日，经过重新演绎的现代“丝绸之路”故事重新回到了希腊剧院演出，700多名希腊观众对两国关系有了更深了解，也对“一带一路”倡议有了新认识。看希腊人对中国的了解有多少↓L中报视频的秒拍视频 ​​​​,449,250,2999,International affairs (China related)
11/9/2019,2019,11,9,2019-11-9 10:59  已编辑,【美国正式确认中国自产原料禽肉监管体系与美国等效】海关总署新闻发言人表示，2019年11月8日，美国《联邦纪事》公布了中国自产原料禽肉输美的最终规则，确认中国自产原料禽肉监管体系与美国等效。继加拿大、墨西哥、智利等国家之后，中国也被列为有资格向美国出口自产原料熟制禽肉的国家。此前，中国 ​​​​...展开全文c,320,570,3711,International news (China related)
11/9/2019,2019,11,9,2019-11-9 10:19 来自 新媒体聚合平台,【持证上岗！广州超#300只汪星人竞聘狗医生#】你听过狗狗也能看病吗？广州就有这样的一群“狗医生”，它们持证上岗，不治病只逗人们笑。目前已有超过300只狗狗通过严格的考试成为“狗医生”，它们会不定时探访病人、老人、残疾儿童等有需要的人，给人们带去温暖和慰藉。LN视频的微博视频 ​​​​,1465,915,21221,Leisure
11/9/2019,2019,11,9,2019-11-9 09:02 来自 专业版微博,【#美国合唱团唱中国抗战歌曲#】不久前，美国纽约，一场音乐会唱响中国抗日经典音乐作品《黄河大合唱》，美国联合之星合唱团参与演出。一年来，他们几乎每周一起排练，还练习了《游击队歌》等。合唱团成员说：“我的眼睛原来是闭上的，通过这些歌，我的眼睛睁开了一点。”  ​​​​...展开全文c,1345,672,12649,Patriotic acts/festivals
11/8/2019,2019,11,8,2019-11-8 19:22 来自 微博视频,【#习近平瞻仰人民空军英烈墙#：我们要永远铭记英烈的英雄事迹】今天，习近平出席庆祝空军成立70周年主题活动。他缓步绕行，瞻仰人民空军英烈墙，表达对英烈的深切缅怀。人民空军的历史辉煌，是用奋斗、牺牲和奉献铸就的。习近平强调，我们要永远铭记英烈的英雄事迹，世代发扬英烈的英雄精神。   ​​​​...展开全文c,916,514,6300,CCP
11/8/2019,2019,11,8,2019-11-8 15:26 来自 微博原生直播,【正在直播：来场品质生活的“奇妙旅行”】先进的美妆护肤定制科技、集功能和颜值于一身的餐厨用品及玻璃瓷器，百年工匠精神和技艺的传承、酷炫又高大上的时尚展台…6.3万平方米，850余家参展企业，和@ 一起逛#第二届进博会#品质生活展区展区↓#进博那么大带你去看看#！,160,123,2966,Social affairs - economics
11/8/2019,2019,11,8,2019-11-8 14:57 来自 微博视频,【#倒霉窃贼偷进特警家# 一记漂亮的抱摔让你清醒一下】11月6日上午，一名窃贼偷偷潜入一户人家实施盗窃。正在他翻箱倒柜时，被户主柳灏发现，而这位户主的真实身份竟然是——特警！在盗贼企图逃跑时，柳灏一记抱摔把他撂倒，轻松将他送进牢笼。不是你倒霉，而是犯罪不可为！   ​​​​...展开全文c,964,1859,27815,Bizzare
11/8/2019,2019,11,8,2019-11-8 14:28  已编辑,【[话筒]#中科院解聘外籍雇员被处限期离境#】据@北京公安出入境 ，根据《中华人民共和国出境入境管理法》相关规定，决定依法注销Mark A.Kolars所持的工作类居留许可、限期离境。@国家移民管理局 转发微博表示，开放的中国欢迎四海宾朋，握手的前提是相互尊重！ ​​​​,1223,1431,21064,Social affairs
11/8/2019,2019,11,8,2019-11-8 12:50  已编辑,【#何君尧遇刺事件嫌疑人今日提堂#：被起诉企图谋杀，不得保释】涉嫌持刀刺伤香港立法会议员、区议会选举候选人何君尧的30岁男子，被起诉企图谋杀，8日在粉岭裁判法院提堂。裁判官应控方要求押后案件至明年2月3日，以待一系列调查，期间不得保释。#何君尧遇刺事件嫌疑人不得保释#（央视） ​​​​,225,469,3405,Crime & court
11/8/2019,2019,11,8,2019-11-8 12:34 来自 微博视频,【快！来！看！#60秒打卡进博会炫酷展品#】在#第二届进博会#上，酷炫展品数不胜数。能陪你运动的乒乓球机器人，守护你发际线的植发机器人，帮你解决生活困扰的“垃圾分类“机器人，更有能飞的汽车，自动弹奏的钢琴，看见你会脸红的机器人Roboy…你都见过吗？转走一起长见识！   ​​​​...展开全文c,920,402,3011,Social affairs - economics
11/8/2019,2019,11,8,2019-11-8 12:04  已编辑,【#孙小果出狱后涉黑案一审宣判#： 孙小果数罪并罚处有期徒刑二十五年】11月8日，云南省玉溪市中级人民法院继续公开开庭，对孙小果等13人组织、领导、参加黑社会性质组织等犯罪一案当庭宣告一审判决，以被告人孙小果犯组织、领导黑社会性质组织罪、开设赌场罪、寻衅滋事罪、非法拘禁罪、故意伤害 ​​​​...展开全文c,1052,2553,7658,Crime & court
11/8/2019,2019,11,8,2019-11-8 07:26 来自 微博视频,【#今天记者节#：致敬每一份理想和担当】记者是什么？是第一时间抵达现场，是带你发现世间新奇，是风雨中守望公平正义，是混乱中发出理性之声…枪林弹雨中，他们无畏坚守；地震台风时，他们也在逆行。今天，第20个中国记者节 ，致敬所有记录时代、推动进步的好记者：辛苦了，愿平安！   ​​​​...展开全文c,2743,1089,9224,Civic education
